Place_id,Title,Category,Distance,Rating,Closed,Timing,Price
TM-1, Gateway of India,Heritage,3,4.6,Nil,00:00-11:59,1174
TM-2, Sanjay Gandhi National Park,Nature,32.4,4.3,Monday,9:00-18:00,1508
TM-3,Red Carpet Wax Museum,"Museum,Educational",24.2,4.6,Nil,11:00-21:00,773
TM-4,Haji Ali Dargah,"Religious,Heritage",5.9,4.4,Nil,5:30-9:45,1390
TM-5,Elephanta Caves,"Religious,Heritage",1.5,4.3,Nil,9:00-17:30,1194
TM-6,Siddhivinayak Temple,Religious,11.4,4.8,Nil,5:30-21:00,1667
TM-7,Chhatrapati Shivaji Terminus (CST),Heritage,0,4.5,Nil,00:00-11:59,814
TM-8,Girgaon Chowpatty,"Nature,Adventure",3.4,4.3,Nil,00:00-11:59,1000
TM-9,Shri Mahalakshmi Temple,Religious,6.7,4.8,Nil,6:00-22:00,829
TM-10,Juhu Beach,"Nature,Adventure",19.4,4.2,Nil,00:00-11:59,1027
TM-11,High Street Phoenix,,20,4.365010025,Nil,9:00-17:30,800
TM-12,R City,,5,4.629641155,Nil,9:00-17:30,1063
TM-13,Phoenix Marketcity (Mumbai) ,,6,4.978323855,Nil,9:00-17:30,1477
TM-14,Inorbit Mall Malad,,12,4.100826793,Nil,9:00-17:30,906
TM-15,Inorbit Mall,,8,4.586743852,Nil,9:00-17:30,972
TM-16,Hindmata Mall,,17,4.841031588,Nil,9:00-17:30,555
TM-17,Kalpataru Mall,,14,4.228494534,Nil,9:00-17:30,960
TM-18,K Star Mall,,20,4.181729814,Nil,9:00-17:30,1147
TM-19,Raghuleela Mall,,18,4.2505819,Nil,9:00-17:30,1393
TM-20,The Hub Mall,,20,4.579112079,Nil,9:00-17:30,1661
TM-21,Atria Millenium Mall,,12,4.502242645,Nil,9:00-17:30,1514
TM-22,Korum Mall,,7,4.04937081,Nil,9:00-17:30,1413
TM-23,Eternity Mall,,7,4.111015473,Nil,9:00-17:30,1618
TM-24,R Odeon Mall,,18,4.689326152,Nil,9:00-17:30,1328
TM-25,Growel 101 Mall,,2,4.39623339,Nil,9:00-17:30,634
TM-26,City Center Mall,,15,4.077841721,Nil,9:00-17:30,1424
TM-27,Orchid City Center Mall,,10,4.876361316,Nil,9:00-17:30,736
TM-28,Dynamix Mall,,18,4.665580903,Nil,9:00-17:30,1075
TM-29,Milan Mall,,13,4.073197224,Nil,9:00-17:30,1220
TM-30,Shagun Mall,,11,4.490756794,Nil,9:00-17:30,816
TM-31,Infinity Mall,,18,4.842574605,Nil,9:00-17:30,1333
TM-32,Infinity Mall,,7,4.744966763,Nil,9:00-17:30,1595
TM-33,Inorbit Mall,,15,4.967043204,Nil,9:00-17:30,1117
TM-34,R-Mall,,4,4.787216225,Nil,9:00-17:30,1668
TM-35,Nirmal Lifestyles,,17,4.446031952,Nil,9:00-17:30,1070
TM-36,R-Mall-2,,18,4.827265124,Nil,9:00-17:30,1107
TM-37,Wonder Mall,,18,4.354135164,Nil,9:00-17:30,1125
TM-38,Lake City Mall,,2,4.498570599,Nil,9:00-17:30,972
TM-39,Metro Junction Mall,,15,4.308719386,Nil,9:00-17:30,785
TM-40,Crossroad Mall,,20,4.841320935,Nil,9:00-17:30,1097
TM-41,Akruti One World Mall,,20,4.028126446,Nil,9:00-17:30,923
TM-42,Akruti One World Mall,,3,4.980275164,Nil,9:00-17:30,564
TM-43,Dreams the Mall,,4,4.87620935,Nil,9:00-17:30,903
TM-44,Dreams the Mall,,2,4.426680566,Nil,9:00-17:30,891
TM-45,Dreams the Mall,,18,4.109795887,Nil,9:00-17:30,1213
TM-46,Prime Mall Downtown,,17,4.157516128,Nil,9:00-17:30,1361
TM-47,Center One Mall,,13,4.754874463,Nil,9:00-17:30,1049
TM-48,Cross Road II,,13,4.770437723,Nil,9:00-17:30,1159
TM-49,Dheeraj Heritage,,14,4.638217439,Nil,9:00-17:30,1021
TM-50,Fun Republic,,6,4.695952966,Nil,9:00-17:30,867
TM-51,Cross Road II,,17,4.478527869,Nil,9:00-17:30,1352
TM-52,Dheeraj Heritage,,2,4.698573691,Nil,9:00-17:30,1658
TM-53,Fun Republic,,10,4.385849061,Nil,9:00-17:30,1681
TM-54,Centurion,,3,4.297210299,Nil,9:00-17:30,1442
TM-55,Evershine Mall,,2,4.492847211,Nil,9:00-17:30,690
TM-56,Hatane Shopping Centre,,2,4.465427365,Nil,9:00-17:30,754
TM-57,Thakur Mall,,10,4.83947121,Nil,9:00-17:30,871
TM-58,Maxus Mall,,17,4.914703483,Nil,9:00-17:30,960
TM-59,Maxus Meghraj Mall,,19,4.555394078,Nil,9:00-17:30,834
TM-60,Maxus Mall,,13,4.50949588,Nil,9:00-17:30,1630
TM-61,RNA NG Mall[50],,6,4.338135216,Nil,9:00-17:30,1265
TM-62,Raguleela Mall[51],,9,4.776277561,Nil,9:00-17:30,1252
TM-63,Thakur Mall[52],,13,4.997419252,Nil,9:00-17:30,1576
TM-64,Thakur Mall[53],,5,4.484183132,Nil,9:00-17:30,610
TM-65,Orchid Ozone Mall[52],,16,4.020102912,Nil,9:00-17:30,1053
TM-66,Rassaz Mall[54],,9,4.97810017,Nil,9:00-17:30,516
TM-67,Marathon Max Mall[38],,20,4.326360983,Nil,9:00-17:30,1640
TM-68,Grand Hyatt Mall[38],,9,4.123353682,Nil,9:00-17:30,683
TM-69,Tulip Arcade Mall[38],,17,4.997655189,Nil,9:00-17:30,1131
TM-70,Nirmal Lifestyle II Mall[46],,7,4.174639044,Nil,9:00-17:30,1475
TM-71,Cable Corp Mall[38],,9,4.076014256,Nil,9:00-17:30,1504
TM-72,Hi way Mall[38],,10,4.356527547,Nil,9:00-17:30,597
TM-73,Oberoi Mall[55],,19,4.227053939,Nil,9:00-17:30,1366
TM-74,Hypercity Mall[56],,3,4.734962381,Nil,9:00-17:30,855
TM-75,Big Thane Shopping Centre[57],,7,4.572626282,Nil,9:00-17:30,1380
TM-76,Huma Mall[46],,6,4.521341419,Nil,9:00-17:30,1008
TM-77,Sunrays Shopping Center[58],,8,4.228451416,Nil,9:00-17:30,1024
TM-78,V Mall[58],,2,4.671711471,Nil,9:00-17:30,715
TM-79,Viva City Mall[59],,6,4.091158622,Nil,9:00-17:30,1201
TM-80,Palm Beach Galleria[60],,16,4.216487471,Nil,9:00-17:30,556
TM-81,Magnet Mall[61],,14,4.096749778,Nil,9:00-17:30,1637
TM-82,Metro Mall[62],,18,4.215678346,Nil,9:00-17:30,581
TM-83,HBS Centrix mall[62],,3,4.963146849,Nil,9:00-17:30,660
TM-84,Leo Mall[63],,20,4.979262755,Nil,9:00-17:30,733
TM-85,Littleworld[64],,4,4.539728299,Nil,9:00-17:30,882
TM-86,Kohinoor City Mall[65],,14,4.276677541,Nil,9:00-17:30,899
TM-87,Prime Mall[66],,15,4.179514193,Nil,9:00-17:30,963
TM-88,Prime Mall,,17,4.134112434,Nil,9:00-17:30,631
TM-89,Citi Mall[67],,16,4.415270492,Nil,9:00-17:30,1366
TM-90,Link Square Mall[66],,1,4.109110787,Nil,9:00-17:30,723
TM-91,Lokhandwalas Open Air Mall[68],,7,4.676742827,Nil,9:00-17:30,520
TM-92,Mega Mall[69],,12,4.57900159,Nil,9:00-17:30,1193
TM-93,Nakshatra Mall,,9,4.649872189,Nil,9:00-17:30,1103
TM-94,Orchard Road Mall,,13,4.140239388,Nil,9:00-17:30,1572
TM-95,Om Arcade,,15,4.1129732,Nil,9:00-17:30,1390
TM-96,Seawood Mall,,4,4.356918134,Nil,9:00-17:30,1569
TM-97,The Mall,,10,4.543387733,Nil,9:00-17:30,1091
TM-98,VN Mall,,18,4.432961137,Nil,9:00-17:30,1203
TM-99,World Mall,,14,4.092305393,Nil,9:00-17:30,544
TM-100,Wedding City,,16,4.79937909,Nil,9:00-17:30,758
TM-101,Quantum Mall,,7,4.521141826,Nil,9:00-17:30,1063
TM-102,Bandra Drive In,,12,4.789105651,Nil,9:00-17:30,1588
TM-103,Crystal Point Mall,,10,4.41098243,Nil,9:00-17:30,1425
TM-104,Eastern Mall,,9,4.85378473,Nil,9:00-17:30,677
TM-105,Evershine Mall,,11,4.772718974,Nil,9:00-17:30,1224
TM-106,Fountain Square,,16,4.365121018,Nil,9:00-17:30,710
TM-107,Fantasia Mall,,18,4.519230334,Nil,9:00-17:30,1510
TM-108,Fun Zone,,16,4.947356433,Nil,9:00-17:30,1348
TM-109,Full Stop,,11,4.99493712,Nil,9:00-17:30,1391
TM-110,Galleria Shopping Mall,,10,4.908041449,Nil,9:00-17:30,1422
TM-111,Glomax mall,,5,4.328268348,Nil,9:00-17:30,1081
TM-112,Globus Mall,,16,4.911111914,Nil,9:00-17:30,1457
TM-113,Gold City,,20,4.838485658,Nil,9:00-17:30,1593
TM-114,Heera Punna,,15,4.440465847,Nil,9:00-17:30,971
TM-115,Mega Mall[70],,9,4.646334261,Nil,9:00-17:30,996
TM-116,Reliance Mart,,7,4.671144346,Nil,9:00-17:30,1413
TM-117,Platinum Mall[71],,15,4.464226615,Nil,9:00-17:30,1178
TM-118,Hi Life Mall[72],,11,4.840909306,Nil,9:00-17:30,996
TM-119,Express Zone Mall[73],,4,4.742244026,Nil,9:00-17:30,628
TM-120,The Zone Shopping Mall[74],,5,4.143588,Nil,9:00-17:30,1511
TM-121,Gokul Mall[75],,6,4.822824667,Nil,9:00-17:30,545
TM-122,Lacera Mall[76],,20,4.849556427,Nil,9:00-17:30,1380
TM-123,Zoom Plaza[77],,20,4.043118841,Nil,9:00-17:30,1359
TM-124,Bayside Mall[78],,13,4.966670421,Nil,9:00-17:30,1630
TM-125,Royal Palms shopping mall[79],,6,4.977897456,Nil,9:00-17:30,1681
TM-126,Atlantic Mall[81],,14,4.419036309,Nil,9:00-17:30,830
TM-127,D-Victorian Mall[81],,13,4.981378016,Nil,9:00-17:30,728
TM-128,G7 Mall[82],,13,4.629453535,Nil,9:00-17:30,699
TM-129,City Mall[58],,17,4.261209063,Nil,9:00-17:30,755
TM-130,Palladium Mall[83],,12,4.364583141,Nil,9:00-17:30,1383
TM-131,Haiko Mall[84],,8,4.592763748,Nil,9:00-17:30,1374
TM-132,Harmony Mall[85],,9,4.882292162,Nil,9:00-17:30,1004
TM-133,Sej Plaza Shopping Mall[86],,11,4.801429069,Nil,9:00-17:30,1612
TM-134,Sej Plaza Shopping Mall[86],,14,4.005959992,Nil,9:00-17:30,1408
TM-135,Moksha Mall[87],,8,4.434125834,Nil,9:00-17:30,1361
TM-136,Little World Mall[88][89],,2,4.323263359,Nil,9:00-17:30,584
TM-137,Bhoomi Mall[90],,14,4.773255163,Nil,9:00-17:30,1174
TM-138,R City Mall[91],,9,4.894580028,Nil,9:00-17:30,1407
TM-139,City Mall[92],,13,4.562821269,Nil,9:00-17:30,529
TM-140,Infocity Mall[93],,6,4.380693512,Nil,9:00-17:30,539
TM-141,Link Square Mall[94],,8,4.991384614,Nil,9:00-17:30,780
TM-142,Prime Mall,,10,4.214002754,Nil,9:00-17:30,1283
TM-143,The Forestta,,17,4.368947881,Nil,9:00-17:30,516
TM-144,Unlocked - Bar.Kitchen.Escape Room,,18,4.84134146,Nil,9:00-17:30,1691
TM-145,Noire - Live Kitchen,,5,4.039849867,Nil,9:00-17:30,1587
TM-146,Cafe Hawkers,,6,4.826899267,Nil,9:00-17:30,1494
TM-147,Invitation,,14,4.200980373,Nil,9:00-17:30,1558
TM-148,Seoul Restaurant,,17,4.967251867,Nil,9:00-17:30,1525
TM-149,Cafe Soul Garden,,16,4.751034906,Nil,9:00-17:30,1458
TM-150,Mr Ohashi,,8,4.430363374,Nil,9:00-17:30,513
TM-151,#3BROS,,11,4.643570862,Nil,9:00-17:30,1085
TM-152,Kwality,,2,4.025332212,Nil,9:00-17:30,581
TM-153,The Bar Company,,19,4.662755986,Nil,9:00-17:30,676
TM-154,Pindi,,7,4.859428676,Nil,9:00-17:30,501
TM-155,"Sorrento - Shangri-La's - Eros Hotel, New Delhi",,9,4.520278127,Nil,9:00-17:30,681
TM-156,Guftagu Cafe,,7,4.344764189,Nil,9:00-17:30,936
TM-157,Duty Free | Vayu Bar,,3,4.183603018,Nil,9:00-17:30,1216
TM-158,Mala-Akbari,,12,4.023551359,Nil,9:00-17:30,568
TM-159,"Shang Palace - Shangri-La's - Eros Hotel, New Delhi",,4,4.577355899,Nil,9:00-17:30,1145
TM-160,Mosaic - Crowne Plaza,,4,4.387405009,Nil,9:00-17:30,839
TM-161,Cha Bar,,8,4.405325355,Nil,9:00-17:30,617
TM-162,Baba's,,18,4.835436479,Nil,9:00-17:30,996
TM-163,The Colony Bistro,,13,4.810052286,Nil,9:00-17:30,743
TM-164,Epic Restro Bar,,16,4.716957499,Nil,9:00-17:30,743
TM-165,Foresta Bistro And Cafe,,15,4.510081044,Nil,9:00-17:30,669
TM-166,Krua Thai,,6,4.608511212,Nil,9:00-17:30,1557
TM-167,By the Bay,,10,4.209331733,Nil,9:00-17:30,1696
TM-168,Black Club+CafÃ©,,3,4.351679379,Nil,9:00-17:30,1447
TM-169,360Â° -  The Oberoi,,18,4.458051649,Nil,9:00-17:30,1191
TM-170,Tesoro Mio,,10,4.806242473,Nil,9:00-17:30,853
TM-171,Little Attock,,3,4.141598719,Nil,9:00-17:30,1521
TM-172,Not Just Paranthas,,6,4.687049606,Nil,9:00-17:30,701
TM-173,3B's -  Country Inn & Suites,,14,4.949942802,Nil,9:00-17:30,1457
TM-174,Dhaba - A Punjabi Theme,,8,4.664646197,Nil,9:00-17:30,1585
TM-175,Cayenne The House Of Spice,,9,4.448294323,Nil,9:00-17:30,776
TM-176,Plats,,2,4.309628029,Nil,9:00-17:30,549
TM-177,Aatithyam,,19,4.016778151,Nil,9:00-17:30,897
TM-178,Masala Art - Taj Palace,,20,4.121616605,Nil,9:00-17:30,1499
TM-179,The Himalayan Kitchen,,3,4.235174241,Nil,9:00-17:30,921
TM-180,Kalaakaar - The Melodramatic Cafe,,15,4.484013186,Nil,9:00-17:30,1310
TM-181,Rajdhani,,8,4.890821518,Nil,9:00-17:30,502
TM-182,Pizza Studio,,16,4.731399566,Nil,9:00-17:30,568
TM-183,Mitra Da Dhaba,,13,4.837654048,Nil,9:00-17:30,1075
TM-184,The Nerdy Indian Cafe,,11,4.18035527,Nil,9:00-17:30,1053
TM-185,Elation,,19,4.165003158,Nil,9:00-17:30,535
TM-186,Churchill's Cafe,,10,4.732928898,Nil,9:00-17:30,1393
TM-187,Elan - The Lodhi,,5,4.130054336,Nil,9:00-17:30,1008
TM-188,Chawla's Tandoori Junction,,20,4.189042905,Nil,9:00-17:30,995
TM-189,Capital Kitchen - Taj Palace,,9,4.960862934,Nil,9:00-17:30,648
TM-190,TGI Fridays,,16,4.149820472,Nil,9:00-17:30,975
TM-191,The Brewhouse - Radisson Gurugram Sohna Road City Center,,15,4.155394919,Nil,9:00-17:30,1236
TM-192,World Cafe - Vibe By The LaLiT Traveller,,9,4.23361389,Nil,9:00-17:30,761
TM-193,Gaon,,15,4.372495852,Nil,9:00-17:30,1359
TM-194,San Gimignano - The Imperial,,14,4.101152683,Nil,9:00-17:30,1366
TM-195,Sandhouse CafÃ©,,3,4.384636616,Nil,9:00-17:30,813
TM-196,Honey & Dough,,6,4.221283362,Nil,9:00-17:30,1566
TM-197,Rebound Cafe And Lounge,,14,4.542432839,Nil,9:00-17:30,566
TM-198,Cafe Me Diner,,19,4.496313122,Nil,9:00-17:30,1393
TM-199,Nizam's Kathi Kabab,,1,4.375566579,Nil,9:00-17:30,1299
TM-200,Dough & Cream,,1,4.094422098,Nil,9:00-17:30,1183
TM-201,Poker Face,,10,4.759756702,Nil,9:00-17:30,579
TM-202,Mystique Melange,,12,4.0439325,Nil,9:00-17:30,1012
TM-203,Kaleva,,15,4.236282666,Nil,9:00-17:30,882
TM-204,Punjab Junction,,13,4.307781238,Nil,9:00-17:30,537
TM-205,Kuch Bhi Chalega,,19,4.678924347,Nil,9:00-17:30,855
TM-206,Cafe Walias - Bistro & Bakery,,15,4.322639416,Nil,9:00-17:30,557
TM-207,Roms Pizza,,16,4.596528917,Nil,9:00-17:30,1563
TM-208,Kill The Bill,,8,4.335055294,Nil,9:00-17:30,1649
TM-209,Bread & More,,20,4.364488519,Nil,9:00-17:30,558
TM-210,Lebanese Point,,5,4.770085382,Nil,9:00-17:30,1408
TM-211,The SociÃ©tÃ©,,17,4.919081221,Nil,9:00-17:30,1115
TM-212,Haldi - Desi Rasoi Urban Tadka,,5,4.247298791,Nil,9:00-17:30,620
TM-213,Fifth Avenue Bakery & Cafe,,20,4.006756906,Nil,9:00-17:30,1648
TM-214,Culina 44 - Taj City Centre Gurugram,,3,4.160178527,Nil,9:00-17:30,1329
TM-215,Curry House CoCo Ichibanya,,4,4.867114042,Nil,9:00-17:30,1168
TM-216,Drunken Detective,,19,4.078086006,Nil,9:00-17:30,1396
TM-217,Dayal Da Dhaba,,10,4.154931739,Nil,9:00-17:30,642
TM-218,100% Rock,,3,4.790000825,Nil,9:00-17:30,620
TM-219,Happy Tummy,,3,4.571077444,Nil,9:00-17:30,1671
TM-220,Hira Sweets,,3,4.439732695,Nil,9:00-17:30,621
TM-221,Otik Cake Shop,,14,4.174259948,Nil,9:00-17:30,1165
TM-222,Burger King,,10,4.9264394,Nil,9:00-17:30,583
TM-223,Privee',,13,4.571552712,Nil,9:00-17:30,824
TM-224,Food Strikers,,13,4.717214241,Nil,9:00-17:30,1018
TM-225,Urban Punjab,,5,4.477795699,Nil,9:00-17:30,1318
TM-226,Kitty Su - The Lalit New Delhi,,2,4.043530473,Nil,9:00-17:30,694
TM-227,Cinnamon Kitchen,,10,4.980942628,Nil,9:00-17:30,1213
TM-228,Gujarat Bhawan Restaurant,,6,4.781986868,Nil,9:00-17:30,1072
TM-229,SOHO Kitchen & Co.,,18,4.102515424,Nil,9:00-17:30,562
TM-230,The One - Le Meridien,,9,4.574606185,Nil,9:00-17:30,633
TM-231,Roasted By Roseate,,18,4.974151449,Nil,9:00-17:30,804
TM-232,Sabzi Heritage,,15,4.730619589,Nil,9:00-17:30,1538
TM-233,Viva O' Viva Goa,,7,4.622014463,Nil,9:00-17:30,740
TM-234,Amritsari Naan & Kulcha,,10,4.798323001,Nil,9:00-17:30,1315
TM-235,The Tea Room From Blossom Kochhar,,15,4.828515353,Nil,9:00-17:30,639
TM-236,Saleem's Restaurant,,10,4.496701554,Nil,9:00-17:30,1593
TM-237,Crazy Kitchen Rooftop & Lounge,,15,4.263404897,Nil,9:00-17:30,977
TM-238,Moolchand Parantha,,11,4.007101377,Nil,9:00-17:30,935
TM-239,Madan Sweets and Restaurant,,19,4.770990842,Nil,9:00-17:30,1183
TM-240,Pizza'81,,17,4.807288964,Nil,9:00-17:30,735
TM-241,24/7 Restaurant - The Lalit New Delhi,,14,4.002814183,Nil,9:00-17:30,940
TM-242,Essex Village - Kitchen & Bar,,4,4.284521416,Nil,9:00-17:30,1391
TM-243,Thalaivar,,16,4.43608328,Nil,9:00-17:30,642
TM-244,Sticky Rice,,7,4.853113772,Nil,9:00-17:30,1189
TM-245,Citrus Cafe,,15,4.347603628,Nil,9:00-17:30,879
TM-246,Kulcha Junction,,16,4.70506273,Nil,9:00-17:30,1047
TM-247,Dilli 32 - The Leela Ambience Convention Hotel,,3,4.976668066,Nil,9:00-17:30,1404
TM-248,Jazbaa,,18,4.470532646,Nil,9:00-17:30,1364
TM-249,Shri Radhe Krishna Chole Bhature,,16,4.971863554,Nil,9:00-17:30,1439
TM-250,Kerala Hotel,,13,4.522314549,Nil,9:00-17:30,1666
TM-251,Uber Lounge,,11,4.714133892,Nil,9:00-17:30,1252
TM-252,Cultured - Heartcrafted Brew & Eatery,,3,4.031246421,Nil,9:00-17:30,1204
TM-253,Maa Tara,,2,4.283409246,Nil,9:00-17:30,1661
TM-254,Kunafa,,14,4.397894296,Nil,9:00-17:30,1357
TM-255,Shakahari Restaurant,,11,4.39356468,Nil,9:00-17:30,752
TM-256,Broadway - Radisson Blu,,3,4.354112197,Nil,9:00-17:30,1456
TM-257,Domino's Pizza,,17,4.501413097,Nil,9:00-17:30,930
TM-258,Sardar-Ji-Bakhsh Coffee & Co.,,4,4.163273279,Nil,9:00-17:30,694
TM-259,Chaska,,10,4.934937623,Nil,9:00-17:30,1375
TM-260,Roshan Di Kulfi,,8,4.521886471,Nil,9:00-17:30,1528
TM-261,Chai Point,,7,4.309235746,Nil,9:00-17:30,1528
TM-262,Simply South,,8,4.695680517,Nil,9:00-17:30,1481
TM-263,Shri Hari Restaurant,,14,4.09812608,Nil,9:00-17:30,1261
TM-264,Kullhad Chai,,18,4.429289146,Nil,9:00-17:30,988
TM-265,Kant Khana Khazana,,6,4.407285476,Nil,9:00-17:30,594
TM-266,Shake Square,,19,4.214607788,Nil,9:00-17:30,1487
TM-267,Mr. Choy,,18,4.751911866,Nil,9:00-17:30,1199
TM-268,Bunta Bar Live,,19,4.003475955,Nil,9:00-17:30,1685
TM-269,Club Lepid - By Cafe After Hours,,19,4.819651717,Nil,9:00-17:30,1242
TM-270,Crops & Curries,,14,4.133231806,Nil,9:00-17:30,971
TM-271,Cheese & More - The Kitchen,,10,4.751294144,Nil,9:00-17:30,617
TM-272,Flavours,,16,4.604400129,Nil,9:00-17:30,749
TM-273,Janki Vaishno Dhaba,,20,4.66880072,Nil,9:00-17:30,982
TM-274,KFC,,15,4.161312192,Nil,9:00-17:30,1697
TM-275,The Library - The Leela Palace,,20,4.258420822,Nil,9:00-17:30,1069
TM-276,Dial a Cake,,14,4.482553657,Nil,9:00-17:30,1498
TM-277,Bhape Da Hotel,,14,4.630698854,Nil,9:00-17:30,725
TM-278,Delhi Pavilion - Sheraton New Delhi Hotel,,14,4.359415646,Nil,9:00-17:30,644
TM-279,Jade - The Claridges,,2,4.729765302,Nil,9:00-17:30,1421
TM-280,Mithaas,,20,4.593612434,Nil,9:00-17:30,712
TM-281,Baljeet's Amritsari Koolcha,,9,4.163907945,Nil,9:00-17:30,805
TM-282,The For'est,,14,4.657150307,Nil,9:00-17:30,733
TM-283,Blue Water Grille,,6,4.473350091,Nil,9:00-17:30,1528
TM-284,Shophouse by Kylin,,10,4.532289397,Nil,9:00-17:30,1687
TM-285,Haveli,,7,4.771724717,Nil,9:00-17:30,1330
TM-286,The Chai Story,,19,4.827933401,Nil,9:00-17:30,1496
TM-287,Gulati Da Punjabi Dhaba,,4,4.111869146,Nil,9:00-17:30,1365
TM-288,Wah Bhai Wah,,7,4.921888257,Nil,9:00-17:30,786
TM-289,Al Qureshi's,,19,4.579267345,Nil,9:00-17:30,683
TM-290,STORY Club And Lounge - The Westin Gurgaon,,19,4.070364495,Nil,9:00-17:30,1359
TM-291,Chidyaghar Bar - Roseate House,,7,4.422291444,Nil,9:00-17:30,1462
TM-292,#OFF Campus,,12,4.298449583,Nil,9:00-17:30,734
TM-293,Rodeo Cantina & Kitchen,,14,4.935035946,Nil,9:00-17:30,1463
TM-294,Healthy Chef,,15,4.344710902,Nil,9:00-17:30,788
TM-295,Manpasand Restro,,8,4.189930464,Nil,9:00-17:30,1621
TM-296,Knight Rider Junction,,15,4.4201369,Nil,9:00-17:30,1086
TM-297,Park Balluchi,,10,4.251274225,Nil,9:00-17:30,968
TM-298,Hale And Hearty,,5,4.91825264,Nil,9:00-17:30,1275
TM-299,The Chocolate Room,,15,4.173371417,Nil,9:00-17:30,1430
TM-300,Nitin Da Dhaba,,4,4.759479268,Nil,9:00-17:30,1318
TM-301,The Gol Chakkar Cafe,,3,4.408396162,Nil,9:00-17:30,1195
TM-302,The Punjabi Junction,,15,4.72072963,Nil,9:00-17:30,733
TM-303,League Of Nations,,9,4.18534392,Nil,9:00-17:30,857
TM-304,Dunkin' Donuts,,17,4.846182252,Nil,9:00-17:30,1164
TM-305,Kake Da Hotel,,6,4.813836296,Nil,9:00-17:30,1067
TM-306,Rasoi By Atithi House,,7,4.173872636,Nil,9:00-17:30,654
TM-307,Handi Highway Dining,,20,4.467395454,Nil,9:00-17:30,928
TM-308,Drool Fresh Bakehouse & Cafe,,9,4.488947119,Nil,9:00-17:30,1315
TM-309,Kafe Republic,,15,4.247376959,Nil,9:00-17:30,1539
TM-310,UP 16 Cafe & Bar,,16,4.027373202,Nil,9:00-17:30,731
TM-311,Yo Tibet,,17,4.246079628,Nil,9:00-17:30,1334
TM-312,The Biryani House,,6,4.753404368,Nil,9:00-17:30,778
TM-313,The Feast Box,,11,4.956896183,Nil,9:00-17:30,1059
TM-314,Al - Bake,,17,4.646851582,Nil,9:00-17:30,1613
TM-315,Jahangeer Foods,,3,4.457734443,Nil,9:00-17:30,1412
TM-316,Waffle King,,15,4.80229823,Nil,9:00-17:30,1420
TM-317,Delhi Salad Store,,15,4.829824308,Nil,9:00-17:30,1521
TM-318,SGF - Spice Grill Flame,,4,4.816881918,Nil,9:00-17:30,1408
TM-319,Shri Ram Dhaba,,15,4.552904,Nil,9:00-17:30,999
TM-320,Hunger Cure,,9,4.936762897,Nil,9:00-17:30,983
TM-321,The Galaxy,,18,4.060964011,Nil,9:00-17:30,857
TM-322,The Thickshake Factory,,11,4.072210134,Nil,9:00-17:30,1405
TM-323,Alkakori Alkauser,,17,4.426189411,Nil,9:00-17:30,1032
TM-324,Le Chef,,16,4.056633792,Nil,9:00-17:30,525
TM-325,Jack 'N' Chill,,13,4.445596666,Nil,9:00-17:30,1299
TM-326,Fill Up,,19,4.494438505,Nil,9:00-17:30,1040
TM-327,Pioneer's Flavours of China,,13,4.614234605,Nil,9:00-17:30,1078
TM-328,Delicieux,,3,4.805499228,Nil,9:00-17:30,1698
TM-329,Shiv Shankar Dhaba,,13,4.208250771,Nil,9:00-17:30,1187
TM-330,Fabelle Chocolates - ITC Maurya,,7,4.651562468,Nil,9:00-17:30,830
TM-331,Bombay Blast,,8,4.57169898,Nil,9:00-17:30,1438
TM-332,Cake Bhandar,,17,4.436914551,Nil,9:00-17:30,1343
TM-333,Indyaki - Radisson Blu,,9,4.77937708,Nil,9:00-17:30,857
TM-334,Mad Over Donuts,,4,4.930583048,Nil,9:00-17:30,973
TM-335,Shawarma Factory,,6,4.35822871,Nil,9:00-17:30,924
TM-336,Tunday Kababi,,2,4.584275827,Nil,9:00-17:30,761
TM-337,Brown Sugar,,2,4.607462617,Nil,9:00-17:30,715
TM-338,Karnataka,,7,4.789328175,Nil,9:00-17:30,1474
TM-339,Vaishno Punjabi Dhaba,,9,4.296859036,Nil,9:00-17:30,807
TM-340,Ama Thakali,,17,4.321695007,Nil,9:00-17:30,1162
TM-341,The Burger Company,,17,4.663049778,Nil,9:00-17:30,642
TM-342,The Coffee Bean & Tea Leaf,,9,4.658230056,Nil,9:00-17:30,904
TM-343,4th Street Cafe,,3,4.882345609,Nil,9:00-17:30,1091
TM-344,HashStix,,11,4.559432662,Nil,9:00-17:30,1071
TM-345,Nirula's,,4,4.697730181,Nil,9:00-17:30,957
TM-346,Om Sai Ram Andhra Mess,,9,4.241524214,Nil,9:00-17:30,1528
TM-347,La Vie Pizzeria,,8,4.07547788,Nil,9:00-17:30,820
TM-348,Arabian Delites,,2,4.513756321,Nil,9:00-17:30,1361
TM-349,Madras Cafe,,17,4.531496301,Nil,9:00-17:30,1388
TM-350,The Chocolate Villa,,13,4.043586075,Nil,9:00-17:30,1578
TM-351,Bistro 37,,8,4.552743386,Nil,9:00-17:30,963
TM-352,Anjlika,,2,4.629947889,Nil,9:00-17:30,806
TM-353,Cake Desire,,18,4.547591404,Nil,9:00-17:30,745
TM-354,The Regal Kitchen,,5,4.275810921,Nil,9:00-17:30,1429
TM-355,Too Indian,,14,4.837446463,Nil,9:00-17:30,688
TM-356,Veda,,10,4.209297747,Nil,9:00-17:30,1048
TM-357,Khan Chacha,,8,4.169950414,Nil,9:00-17:30,952
TM-358,Al Lazeez,,12,4.179052231,Nil,9:00-17:30,1548
TM-359,Havmor Ice Cream,,8,4.953767708,Nil,9:00-17:30,1168
TM-360,Breakfast Point,,15,4.555166412,Nil,9:00-17:30,1276
TM-361,Kake Da Hotel,,13,4.733223428,Nil,9:00-17:30,691
TM-362,Surahi By The Rajkamal,,7,4.445624196,Nil,9:00-17:30,973
TM-363,The Chinese Hut,,17,4.196845849,Nil,9:00-17:30,1582
TM-364,Wabi Sabi,,3,4.687301664,Nil,9:00-17:30,957
TM-365,Makhani Siingh,,7,4.899396126,Nil,9:00-17:30,846
TM-366,BTW,,4,4.50206669,Nil,9:00-17:30,1340
TM-367,Angels In My Kitchen,,3,4.059387021,Nil,9:00-17:30,1396
TM-368,Subway,,3,4.458903898,Nil,9:00-17:30,1029
TM-369,Chinese Veg Crunch,,10,4.52449101,Nil,9:00-17:30,1069
TM-370,GreeNox Lounge,,13,4.810887481,Nil,9:00-17:30,1595
TM-371,Locale,,9,4.118339792,Nil,9:00-17:30,1497
TM-372,Delhi Barbeque,,11,4.752251871,Nil,9:00-17:30,1433
TM-373,Harish Bakery,,18,4.285237598,Nil,9:00-17:30,1477
TM-374,Throttle Shrottle,,7,4.420031438,Nil,9:00-17:30,1081
TM-375,Refections- The Juice Bar,,8,4.625120101,Nil,9:00-17:30,1663
TM-376,DIOS The Neighbourhood Bistro,,5,4.51517712,Nil,9:00-17:30,803
TM-377,Eato,,4,4.983531497,Nil,9:00-17:30,1496
TM-378,Kitchen Clicks,,2,4.770924935,Nil,9:00-17:30,1626
TM-379,Mocha Arthouse,,5,4.229013694,Nil,9:00-17:30,1535
TM-380,Utsav - Gourmet Cakes and Breads,,5,4.055332772,Nil,9:00-17:30,1251
TM-381,Delhi Baking Company - JW Marriott New Delhi,,13,4.72640384,Nil,9:00-17:30,602
TM-382,Cinch,,20,4.199532222,Nil,9:00-17:30,881
TM-383,Bruxie,,7,4.252253223,Nil,9:00-17:30,606
TM-384,Instapizza,,8,4.77969057,Nil,9:00-17:30,1025
TM-385,MOC - The American Restaurant,,19,4.496474478,Nil,9:00-17:30,1267
TM-386,City Spicee,,17,4.207396465,Nil,9:00-17:30,1294
TM-387,Khalsa,,15,4.893628102,Nil,9:00-17:30,814
TM-388,Saffron - Trident Gurgaon,,9,4.338476282,Nil,9:00-17:30,1550
TM-389,Auntie Fung's - Asian Street Food,,2,4.804319824,Nil,9:00-17:30,817
TM-390,The Lo-cal Kitchen,,11,4.910261225,Nil,9:00-17:30,1075
TM-391,Gallery CafÃ© - Hyatt Place,,12,4.622886711,Nil,9:00-17:30,836
TM-392,Champaran Meat House,,12,4.238567673,Nil,9:00-17:30,1175
TM-393,Mogli's Coffee,,19,4.024447506,Nil,9:00-17:30,1428
TM-394,Punjabi Dhaba,,10,4.31584107,Nil,9:00-17:30,1631
TM-395,The Chow,,1,4.212018061,Nil,9:00-17:30,620
TM-396,Sparrows At Home Cafe,,18,4.587385736,Nil,9:00-17:30,621
TM-397,Hot & Crusty,,4,4.519739229,Nil,9:00-17:30,1007
TM-398,The Flashback,,4,4.243473526,Nil,9:00-17:30,563
TM-399,Excuse Me Boss,,18,4.351952317,Nil,9:00-17:30,1143
TM-400,Wangchuk's Tibetan Kitchen,,18,4.744168789,Nil,9:00-17:30,1612
TM-401,Zarra Si Biryani,,3,4.923745785,Nil,9:00-17:30,707
TM-402,For God's Cake,,5,4.280667746,Nil,9:00-17:30,1624
TM-403,Jain Coffee House,,14,4.708928278,Nil,9:00-17:30,1098
TM-404,Play Pizza,,14,4.300838666,Nil,9:00-17:30,540
TM-405,New Sher A Punjab,,5,4.781849332,Nil,9:00-17:30,1122
TM-406,Gourmet Nirvana,,13,4.711617488,Nil,9:00-17:30,964
TM-407,THC - The Hunger Cartel,,4,4.745208946,Nil,9:00-17:30,1095
TM-408,Oh My Gopala,,16,4.278289345,Nil,9:00-17:30,1072
TM-409,Moets Coco Palm,,11,4.123852916,Nil,9:00-17:30,1157
TM-410,Cafe Garage Inc.,,10,4.321147419,Nil,9:00-17:30,550
TM-411,Swad-E-Lazeez,,2,4.354759002,Nil,9:00-17:30,763
TM-412,Mealodrama Modern Bistro,,5,4.865621988,Nil,9:00-17:30,1278
TM-413,The Shahi Foods,,18,4.352153995,Nil,9:00-17:30,1364
TM-414,"Squire- ""Shudhh Khao Shudhh Khilao""",,13,4.25518455,Nil,9:00-17:30,1331
TM-415,Five Star Dhaba,,7,4.414196844,Nil,9:00-17:30,914
TM-416,One Degree East Cafe,,9,4.866989612,Nil,9:00-17:30,633
TM-417,Handi Mittra Di,,12,4.642088885,Nil,9:00-17:30,943
TM-418,Apna Dhaba & Caterers,,7,4.954669466,Nil,9:00-17:30,1504
TM-419,Wonder Taste of Spices,,1,4.371836971,Nil,9:00-17:30,1300
TM-420,Cake Innovation,,11,4.670919268,Nil,9:00-17:30,1446
TM-421,Mystery of Spice,,18,4.023452102,Nil,9:00-17:30,1070
TM-422,The Belgian Fries Co - Burgers & Fries,,4,4.628772139,Nil,9:00-17:30,1407
TM-423,Chef Style,,14,4.002298292,Nil,9:00-17:30,1417
TM-424,Rampur Kitchen,,10,4.058953794,Nil,9:00-17:30,951
TM-425,CG's - Lounge Cafe Bar,,9,4.325078413,Nil,9:00-17:30,1327
TM-426,Oliver Kitchen,,5,4.158033788,Nil,9:00-17:30,1542
TM-427,Khidki,,18,4.011495268,Nil,9:00-17:30,1277
TM-428,The Noodle Company,,3,4.39073921,Nil,9:00-17:30,815
TM-429,Chocolate Desire,,8,4.458320605,Nil,9:00-17:30,995
TM-430,Riviera,,1,4.975939795,Nil,9:00-17:30,1546
TM-431,Hong Kong Express,,14,4.470465945,Nil,9:00-17:30,1676
TM-432,Mast Punjabi Chap Corner,,4,4.393057545,Nil,9:00-17:30,633
TM-433,Ajay Arya Shudh Jaivik Bhojanalaya,,6,4.320870338,Nil,9:00-17:30,1215
TM-434,Panditji (Sadar Bazar Wale),,11,4.563879241,Nil,9:00-17:30,725
TM-435,La Seine - The Chocolate Emporium,,6,4.381081613,Nil,9:00-17:30,1428
TM-436,Kebabs & Kurries - WelcomHotel Dwarka,,15,4.882800356,Nil,9:00-17:30,1495
TM-437,Brick N Bean Cafe,,7,4.791648661,Nil,9:00-17:30,1342
TM-438,New Gole Hatti,,1,4.373453033,Nil,9:00-17:30,805
TM-439,Aroma Rest O Bar,,11,4.489300858,Nil,9:00-17:30,1148
TM-440,Giruz,,4,4.26017245,Nil,9:00-17:30,1143
TM-441,Big Bang City,,5,4.989292879,Nil,9:00-17:30,1542
TM-442,Noodle Bowl,,4,4.020594044,Nil,9:00-17:30,1277
TM-443,Shibiya Restaurant,,6,4.838227383,Nil,9:00-17:30,632
TM-444,The Coco Company,,4,4.753395638,Nil,9:00-17:30,1539
TM-445,Foreign Dhaba Express,,8,4.098352889,Nil,9:00-17:30,1216
TM-446,Monster's Cafe,,9,4.952354772,Nil,9:00-17:30,1384
TM-447,Knight,,14,4.533588224,Nil,9:00-17:30,630
TM-448,Fourty Four,,4,4.701236713,Nil,9:00-17:30,1632
TM-449,Jugaad Kitchen,,13,4.276116425,Nil,9:00-17:30,614
TM-450,Ustadi,,9,4.45653951,Nil,9:00-17:30,1271
TM-451,Nawab's Biryani,,6,4.692752491,Nil,9:00-17:30,1625
TM-452,Q Bistro,,7,4.268115872,Nil,9:00-17:30,1309
TM-453,Empress Of China - Eros Hotel,,4,4.046695075,Nil,9:00-17:30,1493
TM-454,Clip Kitchen,,9,4.588386506,Nil,9:00-17:30,1388
TM-455,The Second Wife Restaurant,,18,4.993473351,Nil,9:00-17:30,967
TM-456,The Great Indian Dosa,,4,4.049362514,Nil,9:00-17:30,1421
TM-457,Delhi - Kingdom of Dreams,,18,4.854686692,Nil,9:00-17:30,818
TM-458,Momopoly By Little Skillet,,4,4.243222453,Nil,9:00-17:30,1096
TM-459,Mad Drop,,9,4.363985958,Nil,9:00-17:30,861
TM-460,Hudson Oven,,14,4.727674554,Nil,9:00-17:30,1462
TM-461,Winkies,,20,4.976519749,Nil,9:00-17:30,1117
TM-462,Chandni Chowk To Galwan Valley,,16,4.50147805,Nil,9:00-17:30,1402
TM-463,Maestro,,2,4.563223235,Nil,9:00-17:30,1185
TM-464,Kamal's,,10,4.738151544,Nil,9:00-17:30,1590
TM-465,Munch Nation,,11,4.10352368,Nil,9:00-17:30,850
TM-466,Biryani By Moumita Biryani Pal,,5,4.038144326,Nil,9:00-17:30,1378
TM-467,Standard Burfee,,12,4.858368374,Nil,9:00-17:30,741
TM-468,New Udupi Restaurant,,16,4.286806517,Nil,9:00-17:30,990
TM-469,Cafe Purani Dilli,,5,4.418450811,Nil,9:00-17:30,1009
TM-470,Chinese Corner,,1,4.713949386,Nil,9:00-17:30,1489
TM-471,The Diet Kitchen,,5,4.916649463,Nil,9:00-17:30,517
TM-472,Slice of Italy,,15,4.346390625,Nil,9:00-17:30,572
TM-473,Caspian,,17,4.405100401,Nil,9:00-17:30,1056
TM-474,Dayum,,20,4.588418683,Nil,9:00-17:30,722
TM-475,Oh My Grill,,7,4.125830881,Nil,9:00-17:30,1024
TM-476,Tandoor Express,,16,4.52763115,Nil,9:00-17:30,1280
TM-477,Aandaz Wakhra,,4,4.506790115,Nil,9:00-17:30,1017
TM-478,Cakesisland.com,,17,4.424468431,Nil,9:00-17:30,1135
TM-479,Oh Yummy,,16,4.097820228,Nil,9:00-17:30,1522
TM-480,Wrapchick,,11,4.264188814,Nil,9:00-17:30,557
TM-481,Mealtime,,20,4.004688387,Nil,9:00-17:30,976
TM-482,The Big Bun,,8,4.154478623,Nil,9:00-17:30,1278
TM-483,Kathi Junction,,5,4.498114009,Nil,9:00-17:30,1551
TM-484,Ruchikaaram,,13,4.287393706,Nil,9:00-17:30,1225
TM-485,Pizza Xpress,,12,4.407291968,Nil,9:00-17:30,778
TM-486,2 Dollar Cafe,,19,4.654035275,Nil,9:00-17:30,882
TM-487,P:YO - The Micro Juicery,,13,4.730991286,Nil,9:00-17:30,542
TM-488,Vintage Kitchen,,15,4.617203286,Nil,9:00-17:30,1132
TM-489,Afghan Darbar Restaurant,,17,4.278529984,Nil,9:00-17:30,1402
TM-490,Alrumi Food Company,,20,4.102794218,Nil,9:00-17:30,507
TM-491,M2 Meat Murga,,5,4.945372473,Nil,9:00-17:30,1245
TM-492,Gut Gullie,,20,4.75962567,Nil,9:00-17:30,911
TM-493,Mini Sweets House,,5,4.248918765,Nil,9:00-17:30,1349
TM-494,Baker's Stop,,15,4.527666969,Nil,9:00-17:30,639
TM-495,HUDBA,,9,4.662409338,Nil,9:00-17:30,763
TM-496,Moti Mahal Delux Tandoori Trail,,17,4.91394224,Nil,9:00-17:30,735
TM-497,Dilli 6 On Wheels,,13,4.326313599,Nil,9:00-17:30,1645
TM-498,Amritsari Kulcha King,,4,4.159045676,Nil,9:00-17:30,1659
TM-499,Anand Vaishno Dhaba,,16,4.457666271,Nil,9:00-17:30,748
TM-500,Zufruta Cafe & Juice Lounge,,16,4.665756762,Nil,9:00-17:30,634
TM-501,The Punjabiis,,4,4.909141745,Nil,9:00-17:30,1607
TM-502,Pifi Pizza,,8,4.397345533,Nil,9:00-17:30,1102
TM-503,BRYC Cafe & Restaurant,,16,4.740852957,Nil,9:00-17:30,796
TM-504,Delicious Mood,,17,4.724473505,Nil,9:00-17:30,1078
TM-505,Cold Rock Cafe,,4,4.37153572,Nil,9:00-17:30,1636
TM-506,Dheeraj Vaishno Dhaba,,11,4.792217815,Nil,9:00-17:30,828
TM-507,Drifters Wok,,15,4.38744248,Nil,9:00-17:30,889
TM-508,Saffron Biryani,,13,4.113904379,Nil,9:00-17:30,1185
TM-509,Nazeer Foods,,13,4.707490473,Nil,9:00-17:30,1539
TM-510,81C Legacy,,12,4.463585002,Nil,9:00-17:30,1426
TM-511,The Pizza Square,,2,4.823457649,Nil,9:00-17:30,1337
TM-512,Food Mistri,,13,4.545425951,Nil,9:00-17:30,676
TM-513,The Taste Of Mughals,,14,4.257428176,Nil,9:00-17:30,819
TM-514,Pizza 99,,12,4.162652662,Nil,9:00-17:30,1610
TM-515,7 Old Town,,17,4.438934321,Nil,9:00-17:30,962
TM-516,Ardor 2.1,,13,4.882739823,Nil,9:00-17:30,910
TM-517,Bokan,,15,4.686346434,Nil,9:00-17:30,1513
TM-518,Yes Minister - Pub & Kitchen,,4,4.11656079,Nil,9:00-17:30,645
TM-519,Ditas,,7,4.999875381,Nil,9:00-17:30,1514
TM-520,Parikrama - The Revolving Restaurant,,4,4.490063299,Nil,9:00-17:30,813
TM-521,Over The Top - Live Barbeque Grill,,3,4.365044712,Nil,9:00-17:30,1069
TM-522,Miss Nora,,1,4.788718394,Nil,9:00-17:30,1481
TM-523,Infinity Lounge & Bar,,15,4.009625119,Nil,9:00-17:30,1196
TM-524,Ambra,,2,4.193251379,Nil,9:00-17:30,1578
TM-525,Oh My God,,1,4.444267271,Nil,9:00-17:30,1389
TM-526,Lazy Bear,,17,4.840676401,Nil,9:00-17:30,1292
TM-527,Sky Heart Lounge And Bar,,4,4.039003209,Nil,9:00-17:30,1461
TM-528,Jugmug Thela,,15,4.348184251,Nil,9:00-17:30,1444
TM-529,Masson's,,10,4.74377378,Nil,9:00-17:30,1093
TM-530,Lost Lemons,,5,4.242503499,Nil,9:00-17:30,715
TM-531,Pavilion 75 - WelcomHotel Dwarka,,8,4.171901163,Nil,9:00-17:30,576
TM-532,COMO - Pizzeria,,6,4.867710301,Nil,9:00-17:30,682
TM-533,Fig At Museo,,15,4.360484299,Nil,9:00-17:30,725
TM-534,PLATE,,13,4.281189744,Nil,9:00-17:30,1170
TM-535,Dhansoo Cafe,,9,4.480049803,Nil,9:00-17:30,1389
TM-536,The Backyard,,15,4.129092487,Nil,9:00-17:30,688
TM-537,ASAP - As Spicy As Possible Diner,,12,4.061594612,Nil,9:00-17:30,1563
TM-538,Mai Bao,,11,4.782590107,Nil,9:00-17:30,643
TM-539,Imperfecto Shor - Cafe,,7,4.986289177,Nil,9:00-17:30,1672
TM-540,Noon Mirch,,4,4.036133898,Nil,9:00-17:30,1253
TM-541,The Immigrant Cafe,,16,4.419399821,Nil,9:00-17:30,922
TM-542,Ziuba,,5,4.734756849,Nil,9:00-17:30,566
TM-543,Dine House,,15,4.638858927,Nil,9:00-17:30,972
TM-544,Cirrus 9 - The Oberoi,,13,4.848796973,Nil,9:00-17:30,971
TM-545,Pintxo,,13,4.507576901,Nil,9:00-17:30,1292
TM-546,Chocolateria San Churro,,8,4.891404725,Nil,9:00-17:30,822
TM-547,The Hogwarts Kafe,,13,4.740963223,Nil,9:00-17:30,753
TM-548,Singla's,,17,4.307179638,Nil,9:00-17:30,593
TM-549,Cafe at Korean Cultural Centre,,2,4.763280718,Nil,9:00-17:30,626
TM-550,Cafe 27,,16,4.783551504,Nil,9:00-17:30,1650
TM-551,Bob's Den,,11,4.722249626,Nil,9:00-17:30,1395
TM-552,The Crypto Door,,2,4.648590585,Nil,9:00-17:30,1169
TM-553,Rabbit Lee Cafe,,13,4.819166557,Nil,9:00-17:30,537
TM-554,Merak Bistro,,5,4.55316379,Nil,9:00-17:30,1052
TM-555,The Race,,12,4.230054642,Nil,9:00-17:30,804
TM-556,Kulcha Lal Parantha Das,,12,4.11105176,Nil,9:00-17:30,990
TM-557,Toxic,,7,4.65708287,Nil,9:00-17:30,1527
TM-558,CUE,,2,4.427559868,Nil,9:00-17:30,1410
TM-559,Silbuttah Story By Berco's,,9,4.966103592,Nil,9:00-17:30,1457
TM-560,Barish Moon Bar & Brewery,,20,4.308235557,Nil,9:00-17:30,1012
TM-561,Evergreen Restaurant & Sweet House,,14,4.027345897,Nil,9:00-17:30,1381
TM-562,Shakespeare Cafe,,9,4.8313366,Nil,9:00-17:30,631
TM-563,Coco Curry,,2,4.184377936,Nil,9:00-17:30,1299
TM-564,Lawn Bistro,,19,4.689734774,Nil,9:00-17:30,583
TM-565,Brothers' Bakery,,1,4.765414603,Nil,9:00-17:30,1505
TM-566,Kinbuck 2,,7,4.48793031,Nil,9:00-17:30,672
TM-567,Vega Pure Vegetarian - Hotel Alka Classic,,12,4.455388539,Nil,9:00-17:30,991
TM-568,Cafe Coffee Bar,,11,4.870329905,Nil,9:00-17:30,1100
TM-569,Jalsa Indian & Ladakhi Kitchen,,16,4.601286449,Nil,9:00-17:30,1395
TM-570,Bistro Petit,,9,4.461193114,Nil,9:00-17:30,897
TM-571,Suroor Reloaded,,20,4.263935283,Nil,9:00-17:30,686
TM-572,Khalsa Parivar Restaurant,,16,4.459511943,Nil,9:00-17:30,521
TM-573,Thyme - The Umrao,,10,4.222215959,Nil,9:00-17:30,800
TM-574,Tenali - The Andhra Kitchen,,13,4.841246461,Nil,9:00-17:30,616
TM-575,SkyHouse,,7,4.242566739,Nil,9:00-17:30,700
TM-576,Rom's Pizza,,1,4.813095736,Nil,9:00-17:30,854
TM-577,Cheesecake & Co.,,3,4.087299625,Nil,9:00-17:30,1664
TM-578,Fujiya,,13,4.428204823,Nil,9:00-17:30,1164
TM-579,Saffron The Restaurant,,19,4.831747021,Nil,9:00-17:30,849
TM-580,Chattynadu,,1,4.155884607,Nil,9:00-17:30,911
TM-581,Moti Mahal Delux,,9,4.229564844,Nil,9:00-17:30,1297
TM-582,Handi Chhadeyan Di,,8,4.414590589,Nil,9:00-17:30,1004
TM-583,Javed Ki Famous Nahari,,18,4.778132535,Nil,9:00-17:30,635
TM-584,My Tea Chapel- Pinsa Pizza & Waffles,,14,4.977347723,Nil,9:00-17:30,1044
TM-585,Cafe Nauticalmile,,15,4.423326301,Nil,9:00-17:30,618
TM-586,The French Oven,,5,4.650085484,Nil,9:00-17:30,1461
TM-587,Bhai Ki Rasoi,,8,4.253093014,Nil,9:00-17:30,1538
TM-588,Vibe: The Sky Bar - Hilton Garden Inn,,1,4.812730469,Nil,9:00-17:30,1554
TM-589,Playboy Club,,2,4.446246822,Nil,9:00-17:30,1175
TM-590,SXVIII - Radisson Blu,,4,4.261888014,Nil,9:00-17:30,599
TM-591,Moire Cafe Lounge & Bar,,1,4.916624021,Nil,9:00-17:30,1103
TM-592,Punjabi Rasoi,,16,4.250852236,Nil,9:00-17:30,785
TM-593,On Kourse Organically Yours,,10,4.795715495,Nil,9:00-17:30,1426
TM-594,High On Desserts,,19,4.420666875,Nil,9:00-17:30,1228
TM-595,Dharma Vaishno Dhabha,,11,4.888973828,Nil,9:00-17:30,1145
TM-596,Mehfil Dhaba,,16,4.438900883,Nil,9:00-17:30,1003
TM-597,Dilli 19,,20,4.847243232,Nil,9:00-17:30,693
TM-598,Spice It -  ibis New Delhi,,8,4.69422149,Nil,9:00-17:30,1235
TM-599,TNG Food - Tandoor & Grill,,6,4.5195616,Nil,9:00-17:30,606
TM-600,Brewin Cafe,,15,4.530869939,Nil,9:00-17:30,1621
TM-601,Pizza Union,,18,4.684058613,Nil,9:00-17:30,632
TM-602,Curries N Biryanis,,5,4.221520357,Nil,9:00-17:30,1451
TM-603,Dwarka Restaurant,,4,4.253403178,Nil,9:00-17:30,864
TM-604,Solanas Wok & Grill,,4,4.494648321,Nil,9:00-17:30,825
TM-605,Gabru Da Dhaba,,20,4.695727208,Nil,9:00-17:30,1465
TM-606,Rooh Burger Cafe,,5,4.966193169,Nil,9:00-17:30,1592
TM-607,Paradise Biryani,,7,4.484189426,Nil,9:00-17:30,888
TM-608,Wangchuk's Ladakhi & Tibetan Kitchen,,17,4.749458612,Nil,9:00-17:30,1341
TM-609,Quick Brown Fox Coffee Roasters,,10,4.037868356,Nil,9:00-17:30,1014
TM-610,Delhi Chinese Fast Food,,6,4.387157756,Nil,9:00-17:30,644
TM-611,Pulse,,13,4.25531567,Nil,9:00-17:30,1302
TM-612,Sura Vie,,10,4.618026842,Nil,9:00-17:30,911
TM-613,Sethi Restaurant,,15,4.903825027,Nil,9:00-17:30,584
TM-614,Sardarji Di Bhatti,,2,4.648985562,Nil,9:00-17:30,981
TM-615,Tatva - Country Inn & Suites,,9,4.266481549,Nil,9:00-17:30,983
TM-616,Rocking Woods,,9,4.114335118,Nil,9:00-17:30,1125
TM-617,Le Himalaya,,14,4.347793442,Nil,9:00-17:30,530
TM-618,Champaran Handi Meat,,3,4.523246663,Nil,9:00-17:30,1131
TM-619,Artisan Lab Cafe,,18,4.795308528,Nil,9:00-17:30,1238
TM-620,The Veggie Bites,,2,4.602374129,Nil,9:00-17:30,1676
TM-621,Minar,,1,4.57253248,Nil,9:00-17:30,1620
TM-622,Baan Thai,,15,4.608363639,Nil,9:00-17:30,937
TM-623,"Creo - Vivanta New Delhi, Dwarka",,5,4.801632091,Nil,9:00-17:30,1532
TM-624,Craving Cosmos Cafe & Bakery,,7,4.961494047,Nil,9:00-17:30,1116
TM-625,Beeryani,,20,4.9923368,Nil,9:00-17:30,832
TM-626,Cafe NH8 - Radisson,,15,4.632265695,Nil,9:00-17:30,1311
TM-627,Nathu's Sweets,,17,4.98290572,Nil,9:00-17:30,1602
TM-628,Aapka Bhojanalaya,,19,4.168546374,Nil,9:00-17:30,1474
TM-629,Ganeshwaram,,19,4.070454924,Nil,9:00-17:30,940
TM-630,Sameer Qureshi's Kebab,,17,4.374129913,Nil,9:00-17:30,858
TM-631,Cream Stone,,19,4.962124431,Nil,9:00-17:30,1355
TM-632,RBG - Park Inn by Radisson,,18,4.516673833,Nil,9:00-17:30,1613
TM-633,Quirky Perky,,16,4.684139214,Nil,9:00-17:30,793
TM-634,Chefsville,,16,4.228215311,Nil,9:00-17:30,922
TM-635,Waves,,12,4.684600034,Nil,9:00-17:30,502
TM-636,Cafe Canteen,,13,4.729125523,Nil,9:00-17:30,1587
TM-637,Kamal Dhaba,,10,4.618096248,Nil,9:00-17:30,867
TM-638,Panx Pizza,,10,4.095073502,Nil,9:00-17:30,1368
TM-639,Black Brown Coffee,,14,4.90353791,Nil,9:00-17:30,668
TM-640,Vaishno Amritsari Naan - Satish Dhaba,,1,4.663206324,Nil,9:00-17:30,1225
TM-641,Khanna Ki Rasoi,,12,4.710170387,Nil,9:00-17:30,1647
TM-642,Kabooze,,3,4.603182753,Nil,9:00-17:30,578
TM-643,Anant Foods,,16,4.849242139,Nil,9:00-17:30,989
TM-644,Ocean Blue,,4,4.279167105,Nil,9:00-17:30,873
TM-645,Garden House Cafe & Health Kitchen,,18,4.140195823,Nil,9:00-17:30,959
TM-646,Vatika,,18,4.123917414,Nil,9:00-17:30,943
TM-647,Creme N Crisp,,9,4.432123486,Nil,9:00-17:30,511
TM-648,Al-Burj Restaurant,,1,4.666669573,Nil,9:00-17:30,754
TM-649,Veer Ji Malai Chap Wale,,20,4.290448691,Nil,9:00-17:30,991
TM-650,Public Headquarter,,18,4.292493804,Nil,9:00-17:30,1440
TM-651,The Blue Door Cafe,,18,4.449262696,Nil,9:00-17:30,1424
TM-652,Bajrang's Bikaner,,1,4.0486041,Nil,9:00-17:30,770
TM-653,Kaiser,,6,4.225952898,Nil,9:00-17:30,613
TM-654,"Mister Chai - Shangri-La's - Eros Hotel, New Delhi",,6,4.461551532,Nil,9:00-17:30,711
TM-655,Diya - The Leela Ambience,,5,4.790021403,Nil,9:00-17:30,603
TM-656,Janak Taste Budz,,12,4.237759875,Nil,9:00-17:30,1356
TM-657,Darjeeling Steamers,,12,4.005603366,Nil,9:00-17:30,571
TM-658,Balaji Vegetarian Paradise,,2,4.917190792,Nil,9:00-17:30,1036
TM-659,The Munching Co.,,20,4.534566582,Nil,9:00-17:30,917
TM-660,Desi Rasoi Food,,1,4.903088385,Nil,9:00-17:30,1464
TM-661,Masha - The Record Room,,8,4.849348681,Nil,9:00-17:30,1673
TM-662,Gulshan Dhaba,,15,4.058480611,Nil,9:00-17:30,644
TM-663,Sona Sweets Sri Udipi Restaurant,,1,4.117309946,Nil,9:00-17:30,1030
TM-664,Nerdy Dino,,6,4.047063662,Nil,9:00-17:30,1533
TM-665,The Dessert Studio,,12,4.382526604,Nil,9:00-17:30,851
TM-666,Grubhouse Cafe,,2,4.549646609,Nil,9:00-17:30,1163
TM-667,Pinjore,,20,4.395133199,Nil,9:00-17:30,666
TM-668,Jeet Restaurant,,20,4.816736882,Nil,9:00-17:30,687
TM-669,Burger Singh - Big Punjabi Burgers,,6,4.783898413,Nil,9:00-17:30,1152
TM-670,South Indian Corner,,11,4.797201503,Nil,9:00-17:30,1032
TM-671,Brewtoast,,20,4.235254792,Nil,9:00-17:30,593
TM-672,Lama Kitchen,,20,4.654915528,Nil,9:00-17:30,672
TM-673,The Waffle Co.,,7,4.600037954,Nil,9:00-17:30,533
TM-674,Sighri,,4,4.627587098,Nil,9:00-17:30,1347
TM-675,Pizza King,,7,4.738218892,Nil,9:00-17:30,1684
TM-676,Blues,,20,4.426576324,Nil,9:00-17:30,540
TM-677,Grover Sweets,,16,4.402938888,Nil,9:00-17:30,690
TM-678,Singh Chicken & Fish Corner,,13,4.075746483,Nil,9:00-17:30,890
TM-679,KAP's Restro Bar & Cafe,,3,4.318592974,Nil,9:00-17:30,1386
TM-680,Six Degree,,13,4.006122256,Nil,9:00-17:30,1285
TM-681,Super Snacks,,13,4.265485813,Nil,9:00-17:30,651
TM-682,The Belgian Waffle Co.,,19,4.110909093,Nil,9:00-17:30,1643
TM-683,The Calorie Kitchen,,17,4.81319081,Nil,9:00-17:30,533
TM-684,Zahra Restaurant & Cafe,,7,4.626348879,Nil,9:00-17:30,710
TM-685,JW Lounge - JW Marriott New Delhi,,15,4.916384308,Nil,9:00-17:30,1085
TM-686,Social Affaire,,10,4.936612186,Nil,9:00-17:30,1292
TM-687,Panda Wokk,,14,4.730927028,Nil,9:00-17:30,1619
TM-688,Nivetha Dosa Corner,,14,4.777775882,Nil,9:00-17:30,695
TM-689,Urban Room,,1,4.692628879,Nil,9:00-17:30,989
TM-690,Daitchi,,1,4.453976703,Nil,9:00-17:30,1370
TM-691,Sardarji Malai Chaap Wale,,11,4.65436028,Nil,9:00-17:30,1498
TM-692,Typsy Crow,,3,4.220183571,Nil,9:00-17:30,1405
TM-693,Longitude - Le Meridien,,2,4.785938362,Nil,9:00-17:30,815
TM-694,White Hart Pizza,,20,4.603444642,Nil,9:00-17:30,609
TM-695,Basil & Thyme,,6,4.846651082,Nil,9:00-17:30,583
TM-696,Anand Restaurant,,7,4.109688664,Nil,9:00-17:30,1316
TM-697,Kanwarji's,,15,4.12102907,Nil,9:00-17:30,1088
TM-698,New Minar,,16,4.75918775,Nil,9:00-17:30,1578
TM-699,Ds Dosa Factory,,2,4.763876687,Nil,9:00-17:30,686
TM-700,Shyam Dairy,,5,4.01456727,Nil,9:00-17:30,1389
TM-701,Anupam Sweet,,3,4.178758165,Nil,9:00-17:30,951
TM-702,Rajindra Refreshment Corner,,15,4.189243744,Nil,9:00-17:30,541
TM-703,Tasty Mornings,,11,4.810139797,Nil,9:00-17:30,1180
TM-704,Bijoli Grill,,2,4.455022029,Nil,9:00-17:30,643
TM-705,Standard Corner,,19,4.070316544,Nil,9:00-17:30,1287
TM-706,Pizza Vizza,,20,4.780250361,Nil,9:00-17:30,503
TM-707,Love Grill,,8,4.182653711,Nil,9:00-17:30,1112
TM-708,Larry's China - Ambassador,,12,4.071633109,Nil,9:00-17:30,1245
TM-709,Bengali Sweet Centre,,12,4.06319209,Nil,9:00-17:30,629
TM-710,Juneja's Eating Plaza,,10,4.621096909,Nil,9:00-17:30,1227
TM-711,Cake For You,,1,4.630717572,Nil,9:00-17:30,1567
TM-712,Bob's,,11,4.138237013,Nil,9:00-17:30,1452
TM-713,Prime Street Cafe,,12,4.06538975,Nil,9:00-17:30,1051
TM-714,The Food Workshop,,2,4.134626405,Nil,9:00-17:30,1642
TM-715,Aromas of Pind,,12,4.809068531,Nil,9:00-17:30,1310
TM-716,Kays Bar-Be-Que,,1,4.922863258,Nil,9:00-17:30,658
TM-717,Amigos Kitchen And Grill,,4,4.636494998,Nil,9:00-17:30,1492
TM-718,HR-51,,8,4.855087679,Nil,9:00-17:30,1025
TM-719,Mohinga The Taste of Myanmar,,10,4.996453466,Nil,9:00-17:30,562
TM-720,Shama Chicken Corner,,10,4.020385632,Nil,9:00-17:30,1067
TM-721,Qwick Grab Kathi Rolls & More,,18,4.374573635,Nil,9:00-17:30,1349
TM-722,Amma Mess,,17,4.959501086,Nil,9:00-17:30,1428
TM-723,Our Story Pub By Sherlock's,,7,4.243078242,Nil,9:00-17:30,1099
TM-724,Fiery Grillss,,2,4.767098451,Nil,9:00-17:30,1507
TM-725,Chaskaa,,17,4.472961906,Nil,9:00-17:30,1098
TM-726,Pipeline Cafe,,12,4.194030429,Nil,9:00-17:30,1219
TM-727,Big Fat Sandwich,,8,4.528046524,Nil,9:00-17:30,802
TM-728,Latitude 28,,4,4.400471919,Nil,9:00-17:30,541
TM-729,Culinaria By Pikwik,,8,4.812473363,Nil,9:00-17:30,891
TM-730,Yummy Tummy,,9,4.696041168,Nil,9:00-17:30,711
TM-731,Cafe Russmunch,,10,4.657188011,Nil,9:00-17:30,658
TM-732,Bawarchi Baba,,12,4.682868469,Nil,9:00-17:30,1666
TM-733,The Cake Villa,,8,4.1781341,Nil,9:00-17:30,1177
TM-734,Devan's,,7,4.687049351,Nil,9:00-17:30,680
TM-735,The Reset,,7,4.442626394,Nil,9:00-17:30,1211
TM-736,Ego Obsession,,11,4.955025053,Nil,9:00-17:30,631
TM-737,Tease - Taj City Centre Gurugram,,3,4.053043832,Nil,9:00-17:30,1095
TM-738,Pasta La Vista,,5,4.709850885,Nil,9:00-17:30,1347
TM-739,Aalam Chicken Corner,,5,4.791506154,Nil,9:00-17:30,1151
TM-740,Wah Ji Wah,,1,4.769016252,Nil,9:00-17:30,1425
TM-741,Sehat Cafe,,19,4.809472133,Nil,9:00-17:30,969
TM-742,Sidewalk - Hyatt Regency,,11,4.810230577,Nil,9:00-17:30,865
TM-743,Chinu Chaat Bhandar,,14,4.843352449,Nil,9:00-17:30,1391
TM-744,Raju Vaishno Dhaba,,3,4.801450035,Nil,9:00-17:30,1388
TM-745,Chalte Firte Momos & Special Foods,,2,4.922717367,Nil,9:00-17:30,750
TM-746,Chawla Family Restaurant,,5,4.946115952,Nil,9:00-17:30,558
TM-747,Munchin Cafe,,12,4.676835654,Nil,9:00-17:30,1230
TM-748,China Fare,,1,4.330166637,Nil,9:00-17:30,853
TM-749,O2   Multicuisine Restaurant,,9,4.197416676,Nil,9:00-17:30,825
TM-750,Kandy's Pastry Parlour,,9,4.22106301,Nil,9:00-17:30,1682
TM-751,Grill Masters,,15,4.840198546,Nil,9:00-17:30,1316
TM-752,Pahalwan Vaishno Dhaba,,14,4.980724449,Nil,9:00-17:30,889
TM-753,Mmmelt,,16,4.059396254,Nil,9:00-17:30,706
TM-754,CaffÃ© Bella Italia,,8,4.011695463,Nil,9:00-17:30,895
TM-755,Laddoo Gopal Sweets & Restaurant,,8,4.64669281,Nil,9:00-17:30,1691
TM-756,Raro,,14,4.184256236,Nil,9:00-17:30,1087
TM-757,The Grill Darbar,,13,4.441014507,Nil,9:00-17:30,1522
TM-758,Hong's Kitchen,,14,4.395400845,Nil,9:00-17:30,522
TM-759,Hungry Hackers,,12,4.730702939,Nil,9:00-17:30,635
TM-760,Mom's Kitchen,,2,4.908527506,Nil,9:00-17:30,508
TM-761,The Dim Sum House,,11,4.14224353,Nil,9:00-17:30,1129
TM-762,Frontier - The Ashok,,9,4.501170897,Nil,9:00-17:30,970
TM-763,Baraamda,,8,4.379017242,Nil,9:00-17:30,1397
TM-764,The Grills Food Junction,,10,4.528881108,Nil,9:00-17:30,918
TM-765,Aminia,,3,4.195610338,Nil,9:00-17:30,1386
TM-766,Shudh Vaishno Hotel,,8,4.37957734,Nil,9:00-17:30,1497
TM-767,Bawa's The Journey Of Spice,,5,4.878924553,Nil,9:00-17:30,861
TM-768,Waffles & Crepes,,6,4.942328513,Nil,9:00-17:30,977
TM-769,Golden China Hut,,1,4.568002633,Nil,9:00-17:30,1324
TM-770,Dosa Plaza,,13,4.046869384,Nil,9:00-17:30,1068
TM-771,CaffÃ© La Poya,,13,4.042947803,Nil,9:00-17:30,1551
TM-772,Coffee House,,13,4.684915303,Nil,9:00-17:30,1414
TM-773,Grover Mithaivala,,7,4.747482371,Nil,9:00-17:30,1409
TM-774,The Munchin Co.,,11,4.26375303,Nil,9:00-17:30,1317
TM-775,Peshawari Chicken Corner,,7,4.283166812,Nil,9:00-17:30,652
TM-776,Mughal Darbar,,14,4.115938919,Nil,9:00-17:30,1517
TM-777,Bamboo Hut,,15,4.080613588,Nil,9:00-17:30,1433
TM-778,VU The Penthouse Bar,,6,4.675067761,Nil,9:00-17:30,1037
TM-779,Uncle's,,2,4.602209276,Nil,9:00-17:30,992
TM-780,Fit Food 27,,19,4.191146168,Nil,9:00-17:30,939
TM-781,Rule The Rolls,,12,4.950117303,Nil,9:00-17:30,1600
TM-782,Choko La,,1,4.851370069,Nil,9:00-17:30,1493
TM-783,Pizza81,,15,4.441089673,Nil,9:00-17:30,1599
TM-784,Wok To Walk,,9,4.943432442,Nil,9:00-17:30,998
TM-785,Kasbah Forum,,18,4.662718519,Nil,9:00-17:30,623
TM-786,Jhakkas Pav Bhaji Mumbai Wala,,8,4.387386722,Nil,9:00-17:30,1200
TM-787,The Delhi Munchery,,1,4.633843277,Nil,9:00-17:30,1098
TM-788,Madras Cafe,,2,4.161673569,Nil,9:00-17:30,950
TM-789,Box Of Cake,,19,4.982060258,Nil,9:00-17:30,1322
TM-790,Burger Ji,,3,4.040752541,Nil,9:00-17:30,1653
TM-791,Fuchsia Bakery & Patisserie,,1,4.161439919,Nil,9:00-17:30,534
TM-792,Garage Inc.,,17,4.185685068,Nil,9:00-17:30,1576
TM-793,DeliBombay Cafe & Delicatessen,,15,4.865175042,Nil,9:00-17:30,1599
TM-794,Crops & Curries,,18,4.601862831,Nil,9:00-17:30,908
TM-795,Your's Pizza,,5,4.776814583,Nil,9:00-17:30,606
TM-796,Apni Rasoi,,12,4.400619138,Nil,9:00-17:30,948
TM-797,Fu.D,,5,4.056410126,Nil,9:00-17:30,1568
TM-798,Manohar Cakes & Bikaneri,,4,4.033132558,Nil,9:00-17:30,1281
TM-799,Aggarwal Sweet India,,14,4.265967664,Nil,9:00-17:30,1596
TM-800,Sir John Bakery Cafe,,1,4.74363426,Nil,9:00-17:30,1517
TM-801,Jacket Aloo,,19,4.075443798,Nil,9:00-17:30,946
TM-802,Suvidha Vegetarian,,16,4.18300104,Nil,9:00-17:30,808
TM-803,Pizza AH!,,18,4.801014457,Nil,9:00-17:30,643
TM-804,The Chinese Kitchen,,1,4.182780592,Nil,9:00-17:30,1130
TM-805,Paatra - Jaypee Siddharth,,17,4.880269875,Nil,9:00-17:30,1593
TM-806,Hyjack,,15,4.167376787,Nil,9:00-17:30,1357
TM-807,Singh Ching,,19,4.553549898,Nil,9:00-17:30,1131
TM-808,Heaven's Kitchen,,7,4.676647212,Nil,9:00-17:30,948
TM-809,Pizza Hut,,3,4.872631,Nil,9:00-17:30,1232
TM-810,New Punjabi Dhaba,,16,4.731729142,Nil,9:00-17:30,531
TM-811,Paatra - Jaypee Greens Golf & Spa Resort,,14,4.335326435,Nil,9:00-17:30,780
TM-812,1440 - 24 Hrs Cafe,,2,4.770378312,Nil,9:00-17:30,1571
TM-813,The Cake House,,8,4.461142634,Nil,9:00-17:30,841
TM-814,Desi Corridor,,9,4.434843626,Nil,9:00-17:30,978
TM-815,Open Oven Bakehouse,,19,4.036208335,Nil,9:00-17:30,1576
TM-816,K.K. Family Restaurant,,17,4.598597046,Nil,9:00-17:30,1230
TM-817,Big Bake,,2,4.677534301,Nil,9:00-17:30,1461
TM-818,The Oberoi Patisserie And Delicatessen,,4,4.680282546,Nil,9:00-17:30,647
TM-819,Scoops,,17,4.973757846,Nil,9:00-17:30,1259
TM-820,Momo Queen,,10,4.566776972,Nil,9:00-17:30,1203
TM-821,Muttu South Indian Anna,,2,4.063585842,Nil,9:00-17:30,590
TM-822,Inferno Brewpub,,13,4.531117845,Nil,9:00-17:30,978
TM-823,Invitation Restaurant,,11,4.59051528,Nil,9:00-17:30,1122
TM-824,Wok Me,,3,4.572657365,Nil,9:00-17:30,1544
TM-825,Patiala Shahi,,11,4.073558474,Nil,9:00-17:30,1105
TM-826,Tobiko By Enoki,,14,4.239888948,Nil,9:00-17:30,760
TM-827,Freedom Corner,,14,4.1313477,Nil,9:00-17:30,1435
TM-828,Flavours Of Southwala,,8,4.912174371,Nil,9:00-17:30,887
TM-829,La Brezza - Jaypee Greens Golf & Spa Resort,,7,4.828709968,Nil,9:00-17:30,1619
TM-830,Ashirwad Restaurant,,9,4.328883497,Nil,9:00-17:30,1322
TM-831,Nosher's Kitchen,,13,4.889424307,Nil,9:00-17:30,1414
TM-832,Tsui Wong,,16,4.970141633,Nil,9:00-17:30,1527
TM-833,Gigi Bistro Indiano,,5,4.932415383,Nil,9:00-17:30,1070
TM-834,The Royale,,1,4.820437119,Nil,9:00-17:30,802
TM-835,Malhotra's Zayeeka,,3,4.637958478,Nil,9:00-17:30,635
TM-836,Foodelicious,,4,4.538392613,Nil,9:00-17:30,557
TM-837,Tau's Cafe & Lassi Bar,,19,4.430506651,Nil,9:00-17:30,988
TM-838,For God's Cake,,11,4.62107282,Nil,9:00-17:30,1557
TM-839,Khan's Kathi Rolls,,9,4.357556397,Nil,9:00-17:30,1663
TM-840,Laddu Gopal,,9,4.382207109,Nil,9:00-17:30,925
TM-841,A One Chicken Biryani Corner,,2,4.930696798,Nil,9:00-17:30,971
TM-842,Twist of Italy,,6,4.990033083,Nil,9:00-17:30,1476
TM-843,The Tomato Restaurant,,16,4.849086955,Nil,9:00-17:30,934
TM-844,Namcha,,10,4.851947426,Nil,9:00-17:30,659
TM-845,Nutritious Nation,,13,4.698734017,Nil,9:00-17:30,1086
TM-846,Gopal Foods,,8,4.675668717,Nil,9:00-17:30,1156
TM-847,Serve,,7,4.400424091,Nil,9:00-17:30,887
TM-848,Baked Pizza & Co.,,4,4.852216615,Nil,9:00-17:30,974
TM-849,Wraps Kathi Rolls,,14,4.72632132,Nil,9:00-17:30,1114
TM-850,Kathi Junction,,12,4.761783688,Nil,9:00-17:30,982
TM-851,The Waffle House,,9,4.965262824,Nil,9:00-17:30,694
TM-852,Cafe NYC Queens,,10,4.146879973,Nil,9:00-17:30,687
TM-853,Hungry Chow,,20,4.525980934,Nil,9:00-17:30,507
TM-854,Pizzaiolo,,3,4.644210206,Nil,9:00-17:30,584
TM-855,Swastik Pure Veg,,10,4.333626974,Nil,9:00-17:30,1484
TM-856,Cannoli Royale,,16,4.259219541,Nil,9:00-17:30,569
TM-857,Nazim's Kathi Roll,,17,4.923429426,Nil,9:00-17:30,1434
TM-858,China Chowk,,2,4.503951369,Nil,9:00-17:30,1205
TM-859,Nukkadwala,,6,4.277400333,Nil,9:00-17:30,1540
TM-860,A One Chicken Biryani,,7,4.840568372,Nil,9:00-17:30,613
TM-861,Shish Shawarma,,5,4.563915488,Nil,9:00-17:30,841
TM-862,Wah! Amritsar,,15,4.699723382,Nil,9:00-17:30,1533
TM-863,Red Mango,,7,4.029151662,Nil,9:00-17:30,1008
TM-864,Max's Cafe,,9,4.735218031,Nil,9:00-17:30,1084
TM-865,Waffle Fever Cafe,,5,4.828580367,Nil,9:00-17:30,1059
TM-866,TADO - The Artisan Deli and Oven,,8,4.331214238,Nil,9:00-17:30,1655
TM-867,Rayna's Cafe,,11,4.963512073,Nil,9:00-17:30,1557
TM-868,Baskin Robbins,,7,4.323631218,Nil,9:00-17:30,565
TM-869,Mag 'n' Cheese,,4,4.951421954,Nil,9:00-17:30,615
TM-870,Giani,,8,4.324468802,Nil,9:00-17:30,1254
TM-871,Kay's Chicken Corner,,15,4.155192472,Nil,9:00-17:30,901
TM-872,Moti Dhaba,,5,4.464761471,Nil,9:00-17:30,1370
TM-873,Sugandh,,16,4.340579468,Nil,9:00-17:30,1231
TM-874,Mr.Singh  Pishori Chicken Corner,,9,4.6886822,Nil,9:00-17:30,1603
TM-875,Anand Curry Delite,,7,4.689607147,Nil,9:00-17:30,1318
TM-876,Street Monk - Gourmet Pan Asian,,1,4.174478631,Nil,9:00-17:30,509
TM-877,The Red Pepper,,16,4.295795132,Nil,9:00-17:30,723
TM-878,#Waffles,,9,4.496962128,Nil,9:00-17:30,1539
TM-879,Anjuna Garden,,11,4.224847113,Nil,9:00-17:30,726
TM-880,Vaishno Snacks Corner,,3,4.580190513,Nil,9:00-17:30,590
TM-881,Classic Pizza Everyday,,4,4.924996646,Nil,9:00-17:30,1099
TM-882,Northern Delights,,8,4.477053265,Nil,9:00-17:30,1461
TM-883,Cafe 31,,11,4.380099358,Nil,9:00-17:30,576
TM-884,Cafe Maple Street,,8,4.843145261,Nil,9:00-17:30,596
TM-885,Black Buck's Coffee,,4,4.13596772,Nil,9:00-17:30,796
TM-886,Spice Punch Bistro,,18,4.857441348,Nil,9:00-17:30,959
TM-887,Zaika Of Purani Dilli,,10,4.874367729,Nil,9:00-17:30,558
TM-888,Punjabi Zaika,,11,4.278819895,Nil,9:00-17:30,1438
TM-889,Middle East Cuisine,,6,4.737449955,Nil,9:00-17:30,1422
TM-890,Lucknow Wale Kababi,,3,4.405782677,Nil,9:00-17:30,1340
TM-891,D Streat Cafe,,19,4.339390284,Nil,9:00-17:30,1141
TM-892,Coldpress Company,,8,4.882942056,Nil,9:00-17:30,518
TM-893,The Desserts Factory,,19,4.509656023,Nil,9:00-17:30,1595
TM-894,Curry Ok,,6,4.027957412,Nil,9:00-17:30,651
TM-895,Flavora,,11,4.564104754,Nil,9:00-17:30,937
TM-896,Brain Freezers,,13,4.940694086,Nil,9:00-17:30,1422
TM-897,All India Parantha Trail,,13,4.190374848,Nil,9:00-17:30,953
TM-898,Keshav Food Point,,19,4.837898933,Nil,9:00-17:30,1009
TM-899,BBQ Ride,,13,4.352289364,Nil,9:00-17:30,1031
TM-900,Khushboo Vaishno Dhaba,,11,4.298567177,Nil,9:00-17:30,1647
TM-901,"Foodie Sip ""N"" Bite",,8,4.624011219,Nil,9:00-17:30,1298
TM-902,InstaDozza,,7,4.453394529,Nil,9:00-17:30,548
TM-903,Moffle Waffle,,1,4.195774476,Nil,9:00-17:30,1349
TM-904,Chinese King,,12,4.929989747,Nil,9:00-17:30,580
TM-905,Grill Inn,,6,4.263099791,Nil,9:00-17:30,937
TM-906,Banjarabites,,10,4.265264483,Nil,9:00-17:30,1138
TM-907,Rotees n More,,18,4.99269441,Nil,9:00-17:30,786
TM-908,Mirch Masala Fast Food,,12,4.850338085,Nil,9:00-17:30,1110
TM-909,Spoon & Chopsticks,,11,4.93012455,Nil,9:00-17:30,1490
TM-910,The Punjabi Story,,14,4.679013417,Nil,9:00-17:30,983
TM-911,CURRYSUM,,14,4.725360374,Nil,9:00-17:30,860
TM-912,JD's Peezza,,3,4.999308198,Nil,9:00-17:30,1458
TM-913,Burger Stori,,8,4.768313306,Nil,9:00-17:30,579
TM-914,The Food Arena,,18,4.015868027,Nil,9:00-17:30,946
TM-915,RC Fresh Juice Bar & Food Point,,10,4.68579256,Nil,9:00-17:30,815
TM-916,Lucy Shawarma & Snacks,,11,4.453203526,Nil,9:00-17:30,1353
TM-917,Aapki Apni  Rasoi,,9,4.221795348,Nil,9:00-17:30,909
TM-918,Bhawna Food Corner,,4,4.376679852,Nil,9:00-17:30,1189
TM-919,The Big Fuzen,,8,4.329305123,Nil,9:00-17:30,1310
TM-920,Kitchen Of Joy,,15,4.932324078,Nil,9:00-17:30,1397
TM-921,Legend Cafe,,6,4.999900342,Nil,9:00-17:30,1470
TM-922,Foodi Shoodi,,5,4.837475592,Nil,9:00-17:30,1007
TM-923,Picazzo,,6,4.130844905,Nil,9:00-17:30,1230
TM-924,Punjabi Kitchen,,19,4.269074073,Nil,9:00-17:30,875
TM-925,Kick-S-Burger,,8,4.774287418,Nil,9:00-17:30,1637
TM-926,Khushboo Vaishno Corner,,14,4.407932856,Nil,9:00-17:30,522
TM-927,The Lazy Diner,,19,4.336482286,Nil,9:00-17:30,697
TM-928,Desi Hut,,5,4.701791122,Nil,9:00-17:30,1547
TM-929,Kathi Junction Company,,3,4.037408558,Nil,9:00-17:30,1478
TM-930,Chatore Nawab,,13,4.258067792,Nil,9:00-17:30,1449
TM-931,Bombay Sandwich Company,,6,4.622564205,Nil,9:00-17:30,982
TM-932,Desi Vdesi Kitchen,,19,4.758353347,Nil,9:00-17:30,974
TM-933,Shudh - Pure Veg Restaurant,,3,4.352075915,Nil,9:00-17:30,1306
TM-934,The Pizza Factory,,2,4.365760023,Nil,9:00-17:30,1217
TM-935,Curry Gone Crazy,,9,4.99291815,Nil,9:00-17:30,635
TM-936,Smile Tadka House,,19,4.970991173,Nil,9:00-17:30,650
TM-937,The Maghico Food Service,,9,4.917243926,Nil,9:00-17:30,1504
TM-938,Desi We Desi,,14,4.681798399,Nil,9:00-17:30,1191
TM-939,D-11 Foods,,14,4.70111028,Nil,9:00-17:30,1453
TM-940,Mughalistan Foods,,5,4.407907532,Nil,9:00-17:30,881
TM-941,Nagaland Old,,3,4.020002535,Nil,9:00-17:30,1276
TM-942,Creamy Fun Laxmi Ice Cream,,1,4.529758193,Nil,9:00-17:30,1629
TM-943,Noodle Oodle,,5,4.594797096,Nil,9:00-17:30,1375
TM-944,"Om Bikaner Sweets, Bakery & Restaurant",,9,4.146220829,Nil,9:00-17:30,1308
TM-945,Mr Singh's Tandoori Hut,,11,4.084788992,Nil,9:00-17:30,638
TM-946,4U,,2,4.002549362,Nil,9:00-17:30,836
TM-947,Shudh Vaishno Shanker Dhaba,,14,4.370049961,Nil,9:00-17:30,1270
TM-948,Kaka's Chicken,,7,4.168176695,Nil,9:00-17:30,747
TM-949,Chai Mantra,,17,4.644553142,Nil,9:00-17:30,1427
TM-950,South Store,,10,4.213889174,Nil,9:00-17:30,1143
TM-951,Defence Bakery,,19,4.991019544,Nil,9:00-17:30,1075
TM-952,Dilli Sweets,,15,4.801242749,Nil,9:00-17:30,1642
TM-953,My Spice Kitchen,,11,4.67447993,Nil,9:00-17:30,1189
TM-954,Arabian Nites,,9,4.309279773,Nil,9:00-17:30,1460
TM-955,Dominick Pizza,,10,4.504472822,Nil,9:00-17:30,922
TM-956,Taste Of Dilli,,1,4.333310621,Nil,9:00-17:30,1528
TM-957,Shimla Dhaba,,14,4.891775433,Nil,9:00-17:30,1031
TM-958,Birds On A Wire,,16,4.039990956,Nil,9:00-17:30,1580
TM-959,Manoranjan,,6,4.155586957,Nil,9:00-17:30,1080
TM-960,The King Of Pizza,,7,4.456420622,Nil,9:00-17:30,732
TM-961,Curry Singh Kitchens,,6,4.117347206,Nil,9:00-17:30,1531
TM-962,Zaika-e-Lucknow,,7,4.272834199,Nil,9:00-17:30,979
TM-963,Health Freak's Cafe,,8,4.546049795,Nil,9:00-17:30,1156
TM-964,Kuldeep Paranthe Wala,,10,4.627442357,Nil,9:00-17:30,922
TM-965,Keventers - Milkshakes & Ice Creams,,15,4.88671817,Nil,9:00-17:30,1399
TM-966,Pandit Ji Ka Dhaba,,15,4.306246384,Nil,9:00-17:30,725
TM-967,Caribbean Pizza,,4,4.043121573,Nil,9:00-17:30,1343
TM-968,Bo Tai - Switch,,18,4.627049387,Nil,9:00-17:30,1110
TM-969,Evergreen Sweet House,,20,4.41443538,Nil,9:00-17:30,788
TM-970,1 Oak Cafe & Bar,,19,4.632432561,Nil,9:00-17:30,690
TM-971,Cafe StayWoke,,3,4.00229126,Nil,9:00-17:30,1482
TM-972,Saga - Cuisines Of India,,5,4.169814857,Nil,9:00-17:30,812
TM-973,Tera Vita,,14,4.259680606,Nil,9:00-17:30,1489
TM-974,Unwind by Amuse House,,13,4.320064479,Nil,9:00-17:30,547
TM-975,Cafe Reed,,9,4.465308798,Nil,9:00-17:30,962
TM-976,Angooor,,1,4.568687742,Nil,9:00-17:30,1666
TM-977,Harajuku Tokyo Cafe,,12,4.208227001,Nil,9:00-17:30,1335
TM-978,Moets Curry Leaf,,18,4.310876636,Nil,9:00-17:30,1632
TM-979,Mesa Wine Bistro,,19,4.625180876,Nil,9:00-17:30,897
TM-980,The Art House Restaurant,,18,4.110991963,Nil,9:00-17:30,1644
TM-981,Empress Delhi,,18,4.471991285,Nil,9:00-17:30,865
TM-982,Rooftop - The View,,20,4.548346367,Nil,9:00-17:30,518
TM-983,The Tandoori Village,,3,4.730575656,Nil,9:00-17:30,1694
TM-984,Altogether Experimental A.T.E,,7,4.768227434,Nil,9:00-17:30,1389
TM-985,Greetoz,,5,4.766486084,Nil,9:00-17:30,1589
TM-986,"Grappa - Shangri-La's - Eros Hotel, New Delhi",,13,4.478510357,Nil,9:00-17:30,1430
TM-987,DnD,,17,4.912618591,Nil,9:00-17:30,1600
TM-988,Jen & Cha's,,20,4.361634562,Nil,9:00-17:30,1464
TM-989,MIC Drop,,2,4.997312912,Nil,9:00-17:30,696
TM-990,Classic Caterer's,,4,4.092477938,Nil,9:00-17:30,1251
TM-991,Manjeet Restaurant,,17,4.894795178,Nil,9:00-17:30,1350
TM-992,Garam Dharam,,4,4.779397495,Nil,9:00-17:30,1158
TM-993,RDX Reloaded,,6,4.762004661,Nil,9:00-17:30,1202
TM-994,Kutumb,,1,4.88586603,Nil,9:00-17:30,617
TM-995,Hungry Tau,,17,4.824427165,Nil,9:00-17:30,1502
TM-996,Infinity - Crowne Plaza,,6,4.085681127,Nil,9:00-17:30,899
TM-997,Cha-Shi,,12,4.139977359,Nil,9:00-17:30,700
TM-998,Chilli Singh,,9,4.55335108,Nil,9:00-17:30,1355
TM-999,"Chai Lelo - Chai, Snacks & More",,5,4.68285748,Nil,9:00-17:30,521
TM-1000,TBH - The Big House Cafe,,11,4.396591604,Nil,9:00-17:30,549
TM-1001,Mughal Cuisine Foods,,5,4.060144771,Nil,9:00-17:30,1434
TM-1002,Kulcha Republic,,1,4.459857193,Nil,9:00-17:30,990
TM-1003,Le Winkies,,9,4.829015739,Nil,9:00-17:30,684
TM-1004,Brownie Heaven,,16,4.235829983,Nil,9:00-17:30,830
TM-1005,Brews N Bagels,,11,4.482235094,Nil,9:00-17:30,1216
TM-1006,Maamouche's Alchemy Bar,,12,4.273664406,Nil,9:00-17:30,922
TM-1007,Chai Sutta Bar,,8,4.200918867,Nil,9:00-17:30,1489
TM-1008,CAARA at Ogaan,,13,4.588312026,Nil,9:00-17:30,1363
TM-1009,Right Choice Food Hub,,20,4.520555631,Nil,9:00-17:30,675
TM-1010,Sita Ram Diwan Chand,,2,4.756328593,Nil,9:00-17:30,1309
TM-1011,Onety One,,6,4.723955592,Nil,9:00-17:30,1506
TM-1012,Ds Dosa Factory,,12,4.458768395,Nil,9:00-17:30,1580
TM-1013,Lust - Radisson Blu Kaushambi Delhi NCR,,13,4.696498844,Nil,9:00-17:30,1193
TM-1014,The Chaap Factory,,9,4.90429165,Nil,9:00-17:30,847
TM-1015,Green Vatika,,12,4.292700123,Nil,9:00-17:30,1522
TM-1016,Shagun Sweets,,16,4.203662553,Nil,9:00-17:30,800
TM-1017,Miglani Eating House,,1,4.681200038,Nil,9:00-17:30,856
TM-1018,Gola Sizzlers - Naresh Gola Group,,17,4.59105155,Nil,9:00-17:30,1128
TM-1019,Late Lateefe,,9,4.300238518,Nil,9:00-17:30,795
TM-1020,Nanking,,18,4.916336192,Nil,9:00-17:30,1588
TM-1021,Bikaner's Sweets,,4,4.954018695,Nil,9:00-17:30,1606
TM-1022,Laguna,,19,4.67827434,Nil,9:00-17:30,1062
TM-1023,Raj Mahal Delux,,8,4.238777124,Nil,9:00-17:30,1274
TM-1024,Amici Cafe,,11,4.851853044,Nil,9:00-17:30,1132
TM-1025,Punjabi Zaika,,12,4.206900117,Nil,9:00-17:30,987
TM-1026,Bars N Beans,,13,4.42388974,Nil,9:00-17:30,659
TM-1027,Amar Shonar Bangla,,19,4.270768216,Nil,9:00-17:30,758
TM-1028,The Prizm,,12,4.885303955,Nil,9:00-17:30,525
TM-1029,Puran Dhaba,,12,4.567514996,Nil,9:00-17:30,637
TM-1030,FKC,,5,4.880785923,Nil,9:00-17:30,1671
TM-1031,Routine Affaire Bar and Kitchen,,20,4.666677358,Nil,9:00-17:30,1053
TM-1032,@ Links - Radisson Blu,,7,4.663959604,Nil,9:00-17:30,1274
TM-1033,The Dosa King,,10,4.481177419,Nil,9:00-17:30,1037
TM-1034,Gyros Kebab And Grill,,3,4.787145438,Nil,9:00-17:30,542
TM-1035,Hot Spot Mini Shop,,6,4.324525584,Nil,9:00-17:30,1022
TM-1036,Dilkhush Food Plaza,,9,4.916025829,Nil,9:00-17:30,604
TM-1037,Dhaba Cash 'N' Curry Kitchen,,9,4.322525796,Nil,9:00-17:30,924
TM-1038,Forest House Cafe,,6,4.153448002,Nil,9:00-17:30,594
TM-1039,Mama's,,2,4.991967062,Nil,9:00-17:30,1056
TM-1040,The House Of Celeste,,18,4.620460476,Nil,9:00-17:30,621
TM-1041,Dandy - The Fio Bar,,15,4.11843579,Nil,9:00-17:30,792
TM-1042,Daddy Of Drinks,,13,4.61132303,Nil,9:00-17:30,1456
TM-1043,The Master Kitchen,,14,4.452370535,Nil,9:00-17:30,1014
TM-1044,Adinath Foodie's Haven,,12,4.357493033,Nil,9:00-17:30,1418
TM-1045,Rupa Ice Cream Parlour & Restaurant,,13,4.949936067,Nil,9:00-17:30,916
TM-1046,Dhaba By Punjab,,10,4.163790309,Nil,9:00-17:30,1317
TM-1047,The Pint Room,,12,4.094415488,Nil,9:00-17:30,1446
TM-1048,Baat Cheet Cafe,,12,4.431106816,Nil,9:00-17:30,1539
TM-1049,Shree Rathnam,,10,4.394854653,Nil,9:00-17:30,1143
TM-1050,Punjabi Zaika,,6,4.586054747,Nil,9:00-17:30,1667
TM-1051,Rimpy Gold,,11,4.66272493,Nil,9:00-17:30,1150
TM-1052,Tee Dee,,2,4.07044413,Nil,9:00-17:30,1205
TM-1053,Bean Sahab,,7,4.023578028,Nil,9:00-17:30,875
TM-1054,Punjabi Tadka,,13,4.264755527,Nil,9:00-17:30,1533
TM-1055,Butter Berry,,16,4.692995715,Nil,9:00-17:30,952
TM-1056,Kingdom Of Momos,,11,4.79791858,Nil,9:00-17:30,964
TM-1057,Oye! Punjab,,6,4.939520179,Nil,9:00-17:30,1624
TM-1058,New Anand Sagar,,2,4.095009744,Nil,9:00-17:30,763
TM-1059,Nook,,9,4.047040416,Nil,9:00-17:30,1103
TM-1060,Spicy Duck - Taj Palace,,12,4.778741928,Nil,9:00-17:30,657
TM-1061,Zara Chakh Lo,,2,4.813672893,Nil,9:00-17:30,1263
TM-1062,Da' Pizza Planet,,14,4.57296199,Nil,9:00-17:30,1580
TM-1063,Kimono,,7,4.967627212,Nil,9:00-17:30,758
TM-1064,Thrive Restaurant,,1,4.360825378,Nil,9:00-17:30,980
TM-1065,Bangla Sweet House,,4,4.44420661,Nil,9:00-17:30,599
TM-1066,Waffle Me Up,,2,4.671065962,Nil,9:00-17:30,1097
TM-1067,Nine 11,,18,4.034277469,Nil,9:00-17:30,1571
TM-1068,Amigo's Hub,,8,4.426979653,Nil,9:00-17:30,1250
TM-1069,Gopal Sweets Corner,,7,4.356504882,Nil,9:00-17:30,758
TM-1070,Stormborn,,19,4.911591452,Nil,9:00-17:30,1571
TM-1071,Juniper Bar - Andaz Delhi,,20,4.351951411,Nil,9:00-17:30,1179
TM-1072,Daddy Of Tastes,,19,4.102406197,Nil,9:00-17:30,960
TM-1073,Darbar,,6,4.576194752,Nil,9:00-17:30,992
TM-1074,Sahi Dawaat,,17,4.281769885,Nil,9:00-17:30,503
TM-1075,Spice N Ice,,6,4.027992393,Nil,9:00-17:30,1564
TM-1076,Asian Flavours By Chef Jajos,,20,4.066754612,Nil,9:00-17:30,1283
TM-1077,Abar Khabo,,20,4.607595834,Nil,9:00-17:30,833
TM-1078,Tandoori Garh,,16,4.584685069,Nil,9:00-17:30,739
TM-1079,Dalgrak,,2,4.724076857,Nil,9:00-17:30,1072
TM-1080,Desian: Proudly Vegetarian,,13,4.895105596,Nil,9:00-17:30,635
TM-1081,Jhatpat,,14,4.278416425,Nil,9:00-17:30,810
TM-1082,EBISU Fine Japanese Cuisine,,4,4.504562351,Nil,9:00-17:30,1197
TM-1083,Annakoot,,4,4.058836406,Nil,9:00-17:30,1321
TM-1084,Yi Jing,,3,4.554636327,Nil,9:00-17:30,552
TM-1085,Grover Sweets,,3,4.378340573,Nil,9:00-17:30,1661
TM-1086,Shagun Sweets,,18,4.65948935,Nil,9:00-17:30,1034
TM-1087,The Highbrooks Cafe,,8,4.18841397,Nil,9:00-17:30,1095
TM-1088,Whiz Cafe,,12,4.523545752,Nil,9:00-17:30,1566
TM-1089,Kallu Nihari,,1,4.409991466,Nil,9:00-17:30,987
TM-1090,Truffle Story,,2,4.836484359,Nil,9:00-17:30,687
TM-1091,Hashtag Foods,,6,4.941081006,Nil,9:00-17:30,1287
TM-1092,Shilloi Restaurant,,14,4.15320452,Nil,9:00-17:30,769
TM-1093,Moh Maya Cafe,,15,4.828000812,Nil,9:00-17:30,1696
TM-1094,Red Hot - The Asian Kitchen,,13,4.625805474,Nil,9:00-17:30,1180
TM-1095,Cafe 24 - Hotel City Park,,20,4.512862956,Nil,9:00-17:30,1287
TM-1096,Khawesome Cafe,,16,4.862647669,Nil,9:00-17:30,1143
TM-1097,Rama Bhojnalaya Since 1975,,18,4.128149986,Nil,9:00-17:30,1068
TM-1098,Amritsari Kulcha Sardar Ji,,15,4.001456751,Nil,9:00-17:30,1610
TM-1099,Sheikh Chang Singh,,9,4.944450756,Nil,9:00-17:30,1599
TM-1100,Ambersari Dhaba,,4,4.047404336,Nil,9:00-17:30,1486
TM-1101,Kumar Hotel,,5,4.135230409,Nil,9:00-17:30,800
TM-1102,Chill'm Bar N Cafe,,14,4.30290152,Nil,9:00-17:30,673
TM-1103,Moti Mahal,,9,4.279621072,Nil,9:00-17:30,1652
TM-1104,NYC Central & Co,,14,4.549508775,Nil,9:00-17:30,1175
TM-1105,Bikaner Express,,17,4.432510894,Nil,9:00-17:30,993
TM-1106,Milan Sweet House,,6,4.586758633,Nil,9:00-17:30,890
TM-1107,Pizzalicious,,19,4.731291159,Nil,9:00-17:30,768
TM-1108,Amritsari Chaap Corner,,19,4.051514882,Nil,9:00-17:30,1095
TM-1109,Kashyap Chole Kulche,,2,4.199860977,Nil,9:00-17:30,843
TM-1110,Mysore Cafe,,17,4.512826076,Nil,9:00-17:30,967
TM-1111,Darjeeling Fast Food,,14,4.299822583,Nil,9:00-17:30,925
TM-1112,Snacker's Cup,,12,4.18617722,Nil,9:00-17:30,1293
TM-1113,4S Chinese Restaurant,,7,4.981640946,Nil,9:00-17:30,1508
TM-1114,Jaiveer Naan & Chaap,,9,4.267906024,Nil,9:00-17:30,556
TM-1115,Oh! Assam,,4,4.297782121,Nil,9:00-17:30,629
TM-1116,Gayway Bakers,,16,4.541304791,Nil,9:00-17:30,735
TM-1117,Pizza Workshop,,16,4.032997332,Nil,9:00-17:30,835
TM-1118,Southy,,8,4.625672363,Nil,9:00-17:30,1493
TM-1119,South Indian Cafe,,6,4.728149253,Nil,9:00-17:30,843
TM-1120,The Baking Paradise,,2,4.882934963,Nil,9:00-17:30,1542
TM-1121,Chimney Sizzlers,,18,4.452741692,Nil,9:00-17:30,882
TM-1122,Royal Kitchen,,5,4.632880773,Nil,9:00-17:30,849
TM-1123,Jack 'n' Chill - All American Creamery,,18,4.258062818,Nil,9:00-17:30,692
TM-1124,Friends Restaurant,,5,4.003735025,Nil,9:00-17:30,1546
TM-1125,Ramji Di Hatti & Caterers,,5,4.178820442,Nil,9:00-17:30,706
TM-1126,OKO - A Pan Asian Destination - The Lalit New Delhi,,3,4.605999024,Nil,9:00-17:30,950
TM-1127,Sagar Chole Bhature,,3,4.805577091,Nil,9:00-17:30,1231
TM-1128,Pizza And More,,9,4.120359335,Nil,9:00-17:30,1220
TM-1129,Tee Pee O Restaurant,,4,4.040168046,Nil,9:00-17:30,517
TM-1130,Mr. Sandwiches,,11,4.397226685,Nil,9:00-17:30,1306
TM-1131,De Cakery,,12,4.69525468,Nil,9:00-17:30,765
TM-1132,Beliram Degchiwala,,17,4.178475093,Nil,9:00-17:30,1654
TM-1133,Monga Sweets,,10,4.823466983,Nil,9:00-17:30,1171
TM-1134,Pizza Galleria,,15,4.233905555,Nil,9:00-17:30,1581
TM-1135,The Spot,,13,4.33897595,Nil,9:00-17:30,1500
TM-1136,Shree Manakamna Fast Food,,7,4.038293957,Nil,9:00-17:30,680
TM-1137,Your's Chole Bhature,,1,4.622485702,Nil,9:00-17:30,1104
TM-1138,Ice N Fire,,4,4.639864558,Nil,9:00-17:30,1531
TM-1139,Cafe Rouge - Ramada,,20,4.017780221,Nil,9:00-17:30,907
TM-1140,Rigo Bistro,,18,4.945376693,Nil,9:00-17:30,856
TM-1141,The Bibimbab - Myung Ga,,10,4.722974571,Nil,9:00-17:30,1395
TM-1142,Vaishno Corner,,14,4.985638708,Nil,9:00-17:30,1251
TM-1143,Crispy Bites,,10,4.852188265,Nil,9:00-17:30,1295
TM-1144,Dhannuram Sweets & Restaurant,,13,4.623047901,Nil,9:00-17:30,606
TM-1145,Cuoco,,15,4.673234767,Nil,9:00-17:30,1309
